-- phpMyAdmin SQL Dump
-- version 4.6.5.2
-- https://www.phpmyadmin.net/
--
-- Host: 127.0.0.1:3306
-- Generation Time: Sep 11, 2017 at 05:24 PM
-- Server version: 5.5.53
-- PHP Version: 5.6.29

SET SQL_MODE = "NO_AUTO_VALUE_ON_ZERO";
SET time_zone = "+00:00";


/*!40101 SET @OLD_CHARACTER_SET_CLIENT=@@CHARACTER_SET_CLIENT */;
/*!40101 SET @OLD_CHARACTER_SET_RESULTS=@@CHARACTER_SET_RESULTS */;
/*!40101 SET @OLD_COLLATION_CONNECTION=@@COLLATION_CONNECTION */;
/*!40101 SET NAMES utf8mb4 */;

--
-- Database: `crmbasic`
--

-- --------------------------------------------------------

--
-- Table structure for table `auth_assignment`
--

CREATE TABLE `auth_assignment` (
  `item_name` varchar(64) COLLATE utf8_unicode_ci NOT NULL,
  `user_id` varchar(64) COLLATE utf8_unicode_ci NOT NULL,
  `created_at` int(11) DEFAULT NULL
) ENGINE=InnoDB DEFAULT CHARSET=utf8 COLLATE=utf8_unicode_ci;

--
-- Dumping data for table `auth_assignment`
--

INSERT INTO `auth_assignment` (`item_name`, `user_id`, `created_at`) VALUES
('admin', '1', 1504257540),
('admin', '17', 1504597972),
('admin', '18', 1504598068),
('operator', '2', 1504261117),
('operator', '20', 1504617881),
('operator', '21', 1504617903),
('operator', '22', 1504617923),
('storekeeper', '3', 1504261117);

-- --------------------------------------------------------

--
-- Table structure for table `auth_item`
--

CREATE TABLE `auth_item` (
  `name` varchar(64) COLLATE utf8_unicode_ci NOT NULL,
  `type` smallint(6) NOT NULL,
  `description` text COLLATE utf8_unicode_ci,
  `rule_name` varchar(64) COLLATE utf8_unicode_ci DEFAULT NULL,
  `data` blob,
  `created_at` int(11) DEFAULT NULL,
  `updated_at` int(11) DEFAULT NULL
) ENGINE=InnoDB DEFAULT CHARSET=utf8 COLLATE=utf8_unicode_ci;

--
-- Dumping data for table `auth_item`
--

INSERT INTO `auth_item` (`name`, `type`, `description`, `rule_name`, `data`, `created_at`, `updated_at`) VALUES
('admin', 1, 'Administrator', NULL, NULL, 1504255924, 1504255924),
('operator', 1, 'Operator', NULL, NULL, 1504255924, 1504255924),
('storekeeper', 1, 'Storekeeper', NULL, NULL, 1504255924, 1504255924);

-- --------------------------------------------------------

--
-- Table structure for table `auth_item_child`
--

CREATE TABLE `auth_item_child` (
  `parent` varchar(64) COLLATE utf8_unicode_ci NOT NULL,
  `child` varchar(64) COLLATE utf8_unicode_ci NOT NULL
) ENGINE=InnoDB DEFAULT CHARSET=utf8 COLLATE=utf8_unicode_ci;

-- --------------------------------------------------------

--
-- Table structure for table `auth_rule`
--

CREATE TABLE `auth_rule` (
  `name` varchar(64) COLLATE utf8_unicode_ci NOT NULL,
  `data` blob,
  `created_at` int(11) DEFAULT NULL,
  `updated_at` int(11) DEFAULT NULL
) ENGINE=InnoDB DEFAULT CHARSET=utf8 COLLATE=utf8_unicode_ci;

-- --------------------------------------------------------

--
-- Table structure for table `lead`
--

CREATE TABLE `lead` (
  `id` int(11) NOT NULL COMMENT 'ID лида',
  `title` varchar(255) NOT NULL COMMENT 'Название товара',
  `product_id` smallint(5) DEFAULT NULL COMMENT 'ID товара',
  `name` varchar(255) NOT NULL COMMENT 'Имя заказчика',
  `second_name` varchar(255) NOT NULL DEFAULT '-' COMMENT 'Фамилия заказчика',
  `phone` varchar(20) NOT NULL COMMENT 'Номер телефона заказчика',
  `email` varchar(100) DEFAULT NULL COMMENT 'E-mail заказчика',
  `price` smallint(5) UNSIGNED NOT NULL COMMENT 'Цена товара',
  `domain` varchar(100) NOT NULL COMMENT 'Адрес лендинга',
  `vcode` varchar(50) DEFAULT NULL COMMENT 'vcode (для Octotracker)',
  `status_id` tinyint(1) UNSIGNED NOT NULL DEFAULT '1' COMMENT 'Статус лида',
  `responsible_user_id` tinyint(3) UNSIGNED DEFAULT NULL COMMENT 'ID оператора, отвестсвенного за лид',
  `comment` text COMMENT 'Комметратий к лиду',
  `date_time` timestamp NOT NULL DEFAULT CURRENT_TIMESTAMP COMMENT 'Дата и время поступления лида'
) ENGINE=InnoDB DEFAULT CHARSET=utf8;

--
-- Dumping data for table `lead`
--

INSERT INTO `lead` (`id`, `title`, `product_id`, `name`, `second_name`, `phone`, `email`, `price`, `domain`, `vcode`, `status_id`, `responsible_user_id`, `comment`, `date_time`) VALUES
(2333, 'Tabamex', 4324, 'Иван', 'Иванов', '+38(011)111-11-11', '', 399, 'site.local', 'KL76JGHhghjgs3', 2, 1, 'Красная колонка', '2017-08-31 11:55:47'),
(2334, 'Tabamex', 4324, 'Василий Петрович', 'Сидоров', '+38(012)312-31-23', '', 399, 'site.local', 'KL76JGHhghjgs3', 3, 1, 'Клиент - мудак!', '2017-09-05 13:36:23'),
(2335, 'Tabamex', 4324, 'New', 'User', '+38(012)312-31-23', '', 399, 'site.local', 'KL76JGHhghjgs3', 2, 20, '', '2017-09-05 13:42:44');

-- --------------------------------------------------------

--
-- Table structure for table `lead_status`
--

CREATE TABLE `lead_status` (
  `id` int(10) UNSIGNED NOT NULL,
  `name` varchar(50) NOT NULL
) ENGINE=InnoDB DEFAULT CHARSET=utf8;

--
-- Dumping data for table `lead_status`
--

INSERT INTO `lead_status` (`id`, `name`) VALUES
(1, 'Новый'),
(2, 'В работе'),
(3, 'Некачественный'),
(4, 'Готов к отправке'),
(5, 'В пути'),
(6, 'Выкуплен'),
(7, 'Возврат');

-- --------------------------------------------------------

--
-- Table structure for table `migration`
--

CREATE TABLE `migration` (
  `version` varchar(180) NOT NULL,
  `apply_time` int(11) DEFAULT NULL
) ENGINE=InnoDB DEFAULT CHARSET=utf8;

--
-- Dumping data for table `migration`
--

INSERT INTO `migration` (`version`, `apply_time`) VALUES
('m000000_000000_base', 1503995760),
('m140506_102106_rbac_init', 1503996298);

-- --------------------------------------------------------

--
-- Table structure for table `np_area`
--

CREATE TABLE `np_area` (
  `id` varchar(50) NOT NULL,
  `name` varchar(50) DEFAULT NULL
) ENGINE=InnoDB DEFAULT CHARSET=utf8 COMMENT='Географическая область Украины';

--
-- Dumping data for table `np_area`
--

INSERT INTO `np_area` (`id`, `name`) VALUES
('71508128-9b87-11de-822f-000c2965ae0e', 'АРК'),
('71508129-9b87-11de-822f-000c2965ae0e', 'Вінницька'),
('7150812a-9b87-11de-822f-000c2965ae0e', 'Волинська'),
('7150812b-9b87-11de-822f-000c2965ae0e', 'Дніпропетровська'),
('7150812c-9b87-11de-822f-000c2965ae0e', 'Донецька'),
('7150812d-9b87-11de-822f-000c2965ae0e', 'Житомирська'),
('7150812e-9b87-11de-822f-000c2965ae0e', 'Закарпатська'),
('7150812f-9b87-11de-822f-000c2965ae0e', 'Запорізька'),
('71508130-9b87-11de-822f-000c2965ae0e', 'Івано-Франківська'),
('71508131-9b87-11de-822f-000c2965ae0e', 'Київська'),
('71508132-9b87-11de-822f-000c2965ae0e', 'Кіровоградська'),
('71508133-9b87-11de-822f-000c2965ae0e', 'Луганська'),
('71508134-9b87-11de-822f-000c2965ae0e', 'Львівська'),
('71508135-9b87-11de-822f-000c2965ae0e', 'Миколаївська'),
('71508136-9b87-11de-822f-000c2965ae0e', 'Одеська'),
('71508137-9b87-11de-822f-000c2965ae0e', 'Полтавська'),
('71508138-9b87-11de-822f-000c2965ae0e', 'Рівненська'),
('71508139-9b87-11de-822f-000c2965ae0e', 'Сумська'),
('7150813a-9b87-11de-822f-000c2965ae0e', 'Тернопільська'),
('7150813b-9b87-11de-822f-000c2965ae0e', 'Харківська'),
('7150813c-9b87-11de-822f-000c2965ae0e', 'Херсонська'),
('7150813d-9b87-11de-822f-000c2965ae0e', 'Хмельницька'),
('7150813e-9b87-11de-822f-000c2965ae0e', 'Черкаська'),
('7150813f-9b87-11de-822f-000c2965ae0e', 'Чернівецька'),
('71508140-9b87-11de-822f-000c2965ae0e', 'Чернігівська');

-- --------------------------------------------------------

--
-- Table structure for table `np_city`
--

CREATE TABLE `np_city` (
  `id` varchar(50) NOT NULL,
  `name` varchar(255) NOT NULL
) ENGINE=InnoDB DEFAULT CHARSET=utf8;

--
-- Dumping data for table `np_city`
--

INSERT INTO `np_city` (`id`, `name`) VALUES
('000655ca-4079-11de-b509-001d92f78698', 'Пустомыты'),
('000655cc-4079-11de-b509-001d92f78698', 'Мангуш'),
('000655ce-4079-11de-b509-001d92f78698', 'Никольское'),
('000655d4-4079-11de-b509-001d92f78698', 'Очаков'),
('000655d6-4079-11de-b509-001d92f78698', 'Березанка(Николаевская обл.)'),
('000655d8-4079-11de-b509-001d92f78698', 'Новая Одесса'),
('000655da-4079-11de-b509-001d92f78698', 'Веселиново'),
('000655dc-4079-11de-b509-001d92f78698', 'Баштанка'),
('000655de-4079-11de-b509-001d92f78698', 'Новый Буг'),
('000655e0-4079-11de-b509-001d92f78698', 'Казанка'),
('000655e2-4079-11de-b509-001d92f78698', 'Березнеговатое'),
('000655e4-4079-11de-b509-001d92f78698', 'Снигиревка'),
('000655e6-4079-11de-b509-001d92f78698', 'Овидиополь'),
('000655e8-4079-11de-b509-001d92f78698', 'Сарата'),
('000655ea-4079-11de-b509-001d92f78698', 'Арциз'),
('000655ec-4079-11de-b509-001d92f78698', 'Тарутино'),
('000655ee-4079-11de-b509-001d92f78698', 'Татарбунары'),
('000655f0-4079-11de-b509-001d92f78698', 'Беляевка'),
('000655f2-4079-11de-b509-001d92f78698', 'Великая Михайловка'),
('000655f4-4079-11de-b509-001d92f78698', 'Захарьевка(Одесская обл)'),
('000655f6-4079-11de-b509-001d92f78698', 'Ширяево'),
('000655f8-4079-11de-b509-001d92f78698', 'Ивановка (Одессая обл. Ивановський р-н)'),
('000655fa-4079-11de-b509-001d92f78698', 'Доброслав'),
('000655fc-4079-11de-b509-001d92f78698', 'Березовка'),
('000655fe-4079-11de-b509-001d92f78698', 'Николаевка (Одесская обл., Николаевский р-н)'),
('00065602-4079-11de-b509-001d92f78698', 'Рени'),
('00065604-4079-11de-b509-001d92f78698', 'Килия'),
('00065606-4079-11de-b509-001d92f78698', 'Зачепиловка'),
('00065608-4079-11de-b509-001d92f78698', 'Кегичевка'),
('0006560a-4079-11de-b509-001d92f78698', 'Сахновщина'),
('0006560c-4079-11de-b509-001d92f78698', 'Здолбунов'),
('0006560e-4079-11de-b509-001d92f78698', 'Острог'),
('00065610-4079-11de-b509-001d92f78698', 'Демидовка'),
('00065612-4079-11de-b509-001d92f78698', 'Млинов'),
('00065614-4079-11de-b509-001d92f78698', 'Костополь'),
('00065616-4079-11de-b509-001d92f78698', 'Сарны'),
('00065618-4079-11de-b509-001d92f78698', 'Дубровица (Ровенская обл.'),
('0006561a-4079-11de-b509-001d92f78698', 'Заречное(Ровенская обл.)'),
('0006561c-4079-11de-b509-001d92f78698', 'Владимирец'),
('0006561e-4079-11de-b509-001d92f78698', 'Рокитное (Ровенская обл., Рокитновский р-н)'),
('00065620-4079-11de-b509-001d92f78698', 'Березно'),
('00065622-4079-11de-b509-001d92f78698', 'Корец'),
('00065624-4079-11de-b509-001d92f78698', 'Гоща'),
('00065638-4079-11de-b509-001d92f78698', 'Краснополье (Сумская обл.)'),
('0006563a-4079-11de-b509-001d92f78698', 'Великая Писаревка'),
('0006563c-4079-11de-b509-001d92f78698', 'Липовая Долина'),
('0006563e-4079-11de-b509-001d92f78698', 'Недригайлов (Сумская обл.)'),
('00065640-4079-11de-b509-001d92f78698', 'Бурынь'),
('00065642-4079-11de-b509-001d92f78698', 'Середина-Буда'),
('00065644-4079-11de-b509-001d92f78698', 'Ямполь (Сумская обл.)'),
('00065646-4079-11de-b509-001d92f78698', 'Шумск'),
('00065648-4079-11de-b509-001d92f78698', 'Лановцы'),
('00b6e98d-58b3-11e6-a9f2-005056887b8d', 'Долинское (Запорожский р-н)'),
('017548ec-75be-11e6-a9f2-005056887b8d', 'Среднее Водяное'),
('01c9e8d7-6c20-11e5-8d8d-005056887b8d', 'Печенежин'),
('02dcc395-ba67-11e3-9fa0-0050568002cf', 'Уланов'),
('02dcc3ad-ba67-11e3-9fa0-0050568002cf', 'Турбов'),
('02febaed-0301-11e6-899e-005056887b8d', 'Старый Острополь'),
('0392e712-454b-11e4-acce-0050568002cf', 'Песчаный Брод'),
('039999e6-0b84-11e5-8a92-005056887b8d', 'Браилов'),
('03d352e4-47b8-11e4-acce-0050568002cf', 'Зарванцы'),
('03e3d0c7-b992-11e3-9fa0-0050568002cf', 'Заболотье (Волынская обл.)'),
('03e3d0d3-b992-11e3-9fa0-0050568002cf', 'Вороновица'),
('03e3d0df-b992-11e3-9fa0-0050568002cf', 'Джурин (Шаргородский р-н)'),
('03e3d0eb-b992-11e3-9fa0-0050568002cf', 'Цекиновка'),
('04236030-8ce7-11e3-b441-0050568002cf', 'Ладан'),
('055a3319-3787-11e5-add9-005056887b8d', 'Пересадовка'),
('05bbc685-3565-11e2-8c54-d4ae52ab9fab', 'Ровное (Новоукраинский р-н, Кировоградская обл.)'),
('05e6689b-2bec-11e6-9e93-005056887b8d', 'Драчинцы'),
('0673974a-492a-11e2-889f-001631fa0467', 'Слобожанское(Змиёвский р-н)'),
('0680e1c0-bbc6-11e2-8f96-d4ae527baec3', 'Рава-Русская'),
('06af889f-3531-11e5-add9-005056887b8d', 'Дачное'),
('06f878ea-4079-11de-b509-001d92f78698', 'Подволочиск'),
('06f878ec-4079-11de-b509-001d92f78698', 'Волочиск'),
('06f878ee-4079-11de-b509-001d92f78698', 'Залещики'),
('06f878f0-4079-11de-b509-001d92f78698', 'Борщев'),
('06f878f2-4079-11de-b509-001d92f78698', 'Гусятин'),
('06f878f4-4079-11de-b509-001d92f78698', 'Зборов'),
('06f878f6-4079-11de-b509-001d92f78698', 'Козова'),
('06f878f8-4079-11de-b509-001d92f78698', 'Бережаны'),
('06f878fa-4079-11de-b509-001d92f78698', 'Подгайцы(Тернопольская обл.)'),
('06f878fc-4079-11de-b509-001d92f78698', 'Монастыриска'),
('06f878fe-4079-11de-b509-001d92f78698', 'Бучач'),
('06f87900-4079-11de-b509-001d92f78698', 'Тячев'),
('06f87902-4079-11de-b509-001d92f78698', 'Рахов'),
('06f87904-4079-11de-b509-001d92f78698', 'Иршава'),
('06f87906-4079-11de-b509-001d92f78698', 'Свалява'),
('06f87908-4079-11de-b509-001d92f78698', 'Воловец'),
('06f8790a-4079-11de-b509-001d92f78698', 'Межгорье'),
('06f8790c-4079-11de-b509-001d92f78698', 'Перечин'),
('06f8790e-4079-11de-b509-001d92f78698', 'Великий Березный'),
('06f87910-4079-11de-b509-001d92f78698', 'Змиев'),
('06f87912-4079-11de-b509-001d92f78698', 'Двуречная'),
('06f87914-4079-11de-b509-001d92f78698', 'Шевченково (Харковская обл.)'),
('06f87916-4079-11de-b509-001d92f78698', 'Великий Бурлук'),
('06f87918-4079-11de-b509-001d92f78698', 'Печенеги'),
('06f8791a-4079-11de-b509-001d92f78698', 'Барвенково'),
('06f8791c-4079-11de-b509-001d92f78698', 'Боровая (Харьковская обл.)'),
('06f8791e-4079-11de-b509-001d92f78698', 'Первомайский (Харьковская обл.)'),
('06f87920-4079-11de-b509-001d92f78698', 'Новая Водолага'),
('06f87922-4079-11de-b509-001d92f78698', 'Валки'),
('06f87924-4079-11de-b509-001d92f78698', 'Коломак'),
('06f87926-4079-11de-b509-001d92f78698', 'Краснокутск'),
('06f87928-4079-11de-b509-001d92f78698', 'Богодухов'),
('06f8792a-4079-11de-b509-001d92f78698', 'Золочев (Харьковськая обл.)'),
('06f8792c-4079-11de-b509-001d92f78698', 'Дергачи'),
('06f8792e-4079-11de-b509-001d92f78698', 'Каланчак'),
('06f87930-4079-11de-b509-001d92f78698', 'Чаплинка (Херсонская обл.)'),
('06f87932-4079-11de-b509-001d92f78698', 'Новотроицкое (Херсонская обл.)'),
('06f87934-4079-11de-b509-001d92f78698', 'Горностаевка'),
('06f87936-4079-11de-b509-001d92f78698', 'Великая Лепетиха'),
('06f87938-4079-11de-b509-001d92f78698', 'Верхний Рогачик'),
('06f8793a-4079-11de-b509-001d92f78698', 'Старая Синява'),
('06f8793c-4079-11de-b509-001d92f78698', 'Полонное'),
('06f8793e-4079-11de-b509-001d92f78698', 'Славута'),
('06f87940-4079-11de-b509-001d92f78698', 'Изяслав'),
('06f87942-4079-11de-b509-001d92f78698', 'Белогорье'),
('06f87944-4079-11de-b509-001d92f78698', 'Теофиполь'),
('06f87946-4079-11de-b509-001d92f78698', 'Христиновка'),
('06f87948-4079-11de-b509-001d92f78698', 'Монастырище'),
('06f8794a-4079-11de-b509-001d92f78698', 'Жашков'),
('06f8794c-4079-11de-b509-001d92f78698', 'Маньковка'),
('06f8794e-4079-11de-b509-001d92f78698', 'Голованевск'),
('06f87950-4079-11de-b509-001d92f78698', 'Гайворон'),
('06f87952-4079-11de-b509-001d92f78698', 'Благовещенское(Кировоградская обл.)'),
('06f87954-4079-11de-b509-001d92f78698', 'Ольшанка (Кировоградская обл.)'),
('06f87956-4079-11de-b509-001d92f78698', 'Кривое Озеро'),
('06f87958-4079-11de-b509-001d92f78698', 'Врадиевка'),
('06f8795a-4079-11de-b509-001d92f78698', 'Доманевка'),
('06f8795c-4079-11de-b509-001d92f78698', 'Арбузинка'),
('06f8795e-4079-11de-b509-001d92f78698', 'Братское'),
('06f87960-4079-11de-b509-001d92f78698', 'Еланец'),
('06f87962-4079-11de-b509-001d92f78698', 'Любашевка'),
('06f87964-4079-11de-b509-001d92f78698', 'Саврань'),
('06f87966-4079-11de-b509-001d92f78698', 'Кодыма'),
('06f87968-4079-11de-b509-001d92f78698', 'Балта'),
('06f8796a-4079-11de-b509-001d92f78698', 'Подольск'),
('06f8796c-4079-11de-b509-001d92f78698', 'Окны'),
('06f8796e-4079-11de-b509-001d92f78698', 'Ананьев'),
('06f87970-4079-11de-b509-001d92f78698', 'Чернобай'),
('06f87972-4079-11de-b509-001d92f78698', 'Драбов'),
('06f87974-4079-11de-b509-001d92f78698', 'Канев'),
('06f87976-4079-11de-b509-001d92f78698', 'Чигирин'),
('06f87978-4079-11de-b509-001d92f78698', 'Каменка (Черкасская обл.)'),
('06f8797a-4079-11de-b509-001d92f78698', 'Корсунь-Шевченковский'),
('06f8797c-4079-11de-b509-001d92f78698', 'Лысянка'),
('06f8797e-4079-11de-b509-001d92f78698', 'Звенигородка'),
('06f87980-4079-11de-b509-001d92f78698', 'Катеринополь'),
('06f87982-4079-11de-b509-001d92f78698', 'Тальное'),
('06f87984-4079-11de-b509-001d92f78698', 'Шпола'),
('06f87986-4079-11de-b509-001d92f78698', 'Городище (Черкасская обл.)'),
('06f87988-4079-11de-b509-001d92f78698', 'Заставна'),
('06f8798a-4079-11de-b509-001d92f78698', 'Путила'),
('06f8798c-4079-11de-b509-001d92f78698', 'Глыбокая'),
('06f8798e-4079-11de-b509-001d92f78698', 'Герца'),
('06f87990-4079-11de-b509-001d92f78698', 'Кельменцы'),
('06f87992-4079-11de-b509-001d92f78698', 'Сокиряны'),
('06f87994-4079-11de-b509-001d92f78698', 'Куликовка'),
('06f87996-4079-11de-b509-001d92f78698', 'Варва'),
('06f87998-4079-11de-b509-001d92f78698', 'Сребное'),
('06f8799a-4079-11de-b509-001d92f78698', 'Талалаевка'),
('06f8799c-4079-11de-b509-001d92f78698', 'Ичня'),
('06f8799e-4079-11de-b509-001d92f78698', 'Носовка'),
('06f879a0-4079-11de-b509-001d92f78698', 'Бобровица'),
('06f879a2-4079-11de-b509-001d92f78698', 'Козелец'),
('06f879a4-4079-11de-b509-001d92f78698', 'Репки'),
('06f879a6-4079-11de-b509-001d92f78698', 'Городня'),
('06f879a8-4079-11de-b509-001d92f78698', 'Сновск'),
('0703bdb2-05d4-11e4-acce-0050568002cf', 'Яреськи'),
('07650f6b-6210-11e1-ae72-0026b97ed48a', 'Смолино'),
('097db0c0-0666-11e3-874c-d4ae527baec3', 'Новые Белокоровичи'),
('0987bc68-0c2f-11e4-acce-0050568002cf', 'Великие Сорочинцы'),
('09af1b85-22c7-11e4-acce-0050568002cf', 'Белозёрское (Донецкая обл.)'),
('0a83d21d-e133-11e5-899e-005056887b8d', 'Бабаи'),
('0b9a89db-027b-11e4-acce-0050568002cf', 'Зеленогорское'),
('0befc300-5e8e-11e4-acce-0050568002cf', 'Владимировка (Донецкая обл.)'),
('0c29a594-b5c3-11e4-a77a-005056887b8d', 'Карнауховка(Днепропетровская обл.)'),
('0c4d5128-da92-11e3-8c4a-0050568002cf', 'Берегомет'),
('0cbfcfd7-082b-11e4-acce-0050568002cf', 'Богдановка (Кировоградская обл.)'),
('0ccbf4b5-6c30-11e5-8d8d-005056887b8d', 'Ромодан'),
('0d9256d1-1671-11e5-add9-005056887b8d', 'Скороходово (Полтавська обл.)'),
('0db17b0a-4079-11de-b509-001d92f78698', 'Корюковка'),
('0db17b0c-4079-11de-b509-001d92f78698', 'Сосница'),
('0db17b0e-4079-11de-b509-001d92f78698', 'Мена'),
('0db17b10-4079-11de-b509-001d92f78698', 'Семеновка (Черниговская обл.)'),
('0db17b12-4079-11de-b509-001d92f78698', 'Новгород-Северский'),
('0db17b14-4079-11de-b509-001d92f78698', 'Короп'),
('0db17b16-4079-11de-b509-001d92f78698', 'Бахмач'),
('0db17b18-4079-11de-b509-001d92f78698', 'Борзна'),
('0f117d34-646b-11e6-a9f2-005056887b8d', 'Зняцево'),
('101afca9-db19-11e1-aa18-d4ae527baec9', 'Клевань'),
('10975675-8a89-11e0-8140-969cd9edcd68', 'Торецк'),
('10975677-8a89-11e0-8140-969cd9edcd68', 'Мирноград'),
('10975679-8a89-11e0-8140-969cd9edcd68', 'Родинское'),
('1097567b-8a89-11e0-8140-969cd9edcd68', 'Селидово'),
('1097567d-8a89-11e0-8140-969cd9edcd68', 'Новогродовка'),
('10a45721-14cf-11e5-add9-005056887b8d', 'Дарьевка'),
('10d8fdff-3a87-11e5-add9-005056887b8d', 'Краснореченское'),
('10ebda7e-129d-11e6-971e-005056887b8d', 'Карповка (Широковский р-н)'),
('10ebda97-129d-11e6-971e-005056887b8d', 'Сингуры'),
('10ebdab7-129d-11e6-971e-005056887b8d', 'Бышев'),
('11d1799f-dbc5-11e1-aa18-d4ae527baec9', 'Градижск'),
('12058c59-02c2-11de-9570-001d92f78697', 'Новоселица'),
('12058c5b-02c2-11de-9570-001d92f78697', 'Хотин'),
('12330be2-fd03-11e3-8c4a-0050568002cf', 'Оноковцы (ст. Доманинцы)'),
('12a2b513-a30f-11e4-a77a-005056887b8d', 'Новоалексеевка (Херсонская обл.)'),
('1488ae35-f5bc-11e5-899e-005056887b8d', 'Малая Даниловка'),
('14d05427-7c73-11e4-acce-0050568002cf', 'Новоалександровка (Нововорон.р-н,Херсон.обл.)'),
('14e708ad-c981-11e4-a77a-005056887b8d', 'Мешково-Погорелово'),
('14f57f30-c983-11e4-a77a-005056887b8d', 'Чорнобаевка'),
('15fb1f49-2f7d-11e4-acce-0050568002cf', 'Скалат'),
('161830be-eb29-11e3-8c4a-0050568002cf', 'Яремче'),
('1651b7d8-9ddb-11e2-a57a-d4ae527baec3', 'Оженин'),
('16860771-9227-11e3-b441-0050568002cf', 'Понинка'),
('16a5b682-b5be-11e4-a77a-005056887b8d', 'Констянтиновка(Мелитоп.р-н,Запорож.обл)'),
('16e8f2a5-abca-11e6-b5da-005056887b8d', 'Подбуж'),
('17b483f5-03f3-11de-9570-001d92f78697', 'Вижница'),
('17b483f8-03f3-11de-9570-001d92f78697', 'Кицмань'),
('17e0c2cb-b5b9-11dd-81ea-001d92f78697', 'Жмеринка'),
('184efd1e-2639-11e5-add9-005056887b8d', 'Беленькое(Запорожская обл.)'),
('1907241a-046f-11e5-8a92-005056887b8d', 'Майское'),
('19ec6f3a-1581-11e5-add9-005056887b8d', 'Пантаевка'),
('1a36aef1-082f-11e4-acce-0050568002cf', 'Щирец'),
('1b15cd2a-4d8b-11e6-a9f2-005056887b8d', 'Испас'),
('1b2bcec1-5adb-11e5-8d8d-005056887b8d', 'Сартана (Донецкая обл.)'),
('1b2edb38-b28d-11e4-a77a-005056887b8d', 'Великая Добронь'),
('1c954ffc-dfec-11e3-8c4a-0050568002cf', 'Перегинское'),
('1cca2749-14cc-11e5-add9-005056887b8d', 'Телепино'),
('1d7d3af1-12b1-11e6-971e-005056887b8d', 'Кислица'),
('1d7fd806-0f9b-11e7-95d1-005056887b8d', 'Змиенец'),
('1db59605-1766-11e2-928c-d4ae527baec9', 'Свесса'),
('1e103981-99cb-11e5-a023-005056887b8d', 'Камышаны'),
('1f30a44e-f7aa-11e3-8c4a-0050568002cf', 'Лука-Мелешковская'),
('1f36e89c-84ce-11e3-b441-0050568002cf', 'Павлыш'),
('1f7bc091-ade0-11e3-9fa0-0050568002cf', 'Оболонь (Семеновский р-н)'),
('1f7de1ac-7d28-11e3-b441-0050568002cf', 'Балаклея (Черкасская обл.)'),
('203f1d66-1eb5-11e3-b000-0050568002cf', 'Подгородное'),
('20982d74-9b6c-11e2-a57a-d4ae527baec3', 'Заболотов (Снятинский р-н)'),
('20c776f3-abcc-11e6-b5da-005056887b8d', 'Крупец'),
('2130890e-f843-11e2-874c-d4ae527baec3', 'Брошнев-Осада'),
('222085df-f1c8-11e1-a58d-d4ae527baec9', 'Дымер'),
('222085e2-f1c8-11e1-a58d-d4ae527baec9', 'Дружба (Сумська обл.)'),
('22212b42-98cb-11e5-a023-005056887b8d', 'Антоновка (Скадовский р-н)'),
('232e6903-159a-11e5-add9-005056887b8d', 'Дмитровка (Черниговская обл.)'),
('23d2e60c-1b3d-11e5-add9-005056887b8d', 'Новодружеск'),
('24161b5d-7644-11e4-acce-0050568002cf', 'Заречье(Закарпатская обл.)'),
('244d3593-b5c3-11e4-a77a-005056887b8d', 'Просяная (Покровский р-н)'),
('244d35a7-b5c3-11e4-a77a-005056887b8d', 'Нересница (Тячевский р-н)'),
('24c737ef-fd5a-11e5-899e-005056887b8d', 'Верхнее Водяное'),
('2527b928-2154-11e5-add9-005056887b8d', 'Нехвороща'),
('25cc0752-ba57-11e3-9fa0-0050568002cf', 'Ямполь (Хмельницкая обл.)'),
('2689f37a-d501-11e3-95eb-0050568046cd', 'Неполоковцы'),
('28c71388-4ca6-11e1-9bbf-0026b97ed48a', 'Вараш'),
('2959a2a4-6183-11e3-b441-0050568002cf', 'Песочин'),
('2959a2af-6183-11e3-b441-0050568002cf', 'Покотиловка'),
('2959a2ba-6183-11e3-b441-0050568002cf', 'Цумань'),
('29939d15-4484-11e4-acce-0050568002cf', 'Петровка - Роменская'),
('2a302777-bf83-11e5-8478-005056887b8d', 'Ясенов-Польный'),
('2b297a2f-8ea5-11e5-a023-005056887b8d', 'Алексеево-Дружковка'),
('2b3326bc-636f-11e5-8d8d-005056887b8d', 'Озерное (Житомирская обл.)'),
('2b4f7c98-c984-11e4-a77a-005056887b8d', 'Аскания-Нова'),
('2bababf5-bb32-11e4-a77a-005056887b8d', 'Великие Гаи'),
('2c197334-4d80-11e5-8d8d-005056887b8d', 'Новогуйвинское'),
('2c761145-b2c4-11e5-8478-005056887b8d', 'Новобогдановка(Запорож.обл.)'),
('2d0743b0-9acf-11e3-b441-0050568002cf', 'Великодолинское'),
('2d0743bb-9acf-11e3-b441-0050568002cf', 'Знаменка (Одесская обл.)'),
('2d776f0f-f138-11e3-8c4a-0050568002cf', 'Балабино'),
('2d85bf49-dc2f-11e4-8a92-005056887b8d', 'Пролески'),
('2df2962d-5051-11e3-b441-0050568002cf', 'Губиниха'),
('2e017a6d-92b8-11e5-a023-005056887b8d', 'Кириковка(Великописар.р-н)'),
('2ef035ab-99ad-11e5-a023-005056887b8d', 'Новая Маячка'),
('2f000c9b-05fd-11e5-8a92-005056887b8d', 'Требухов'),
('2f74cb90-c870-11dd-88ed-001d92f78697', 'Сторожинец'),
('2f74cb93-c870-11dd-88ed-001d92f78697', 'Бар'),
('2f9b0431-bb59-11e5-8478-005056887b8d', 'Корытняны'),
('2fba68d4-0834-11e4-acce-0050568002cf', 'Лопатин (Львовская обл.)'),
('2fe13b3e-dd65-11e2-874c-d4ae527baec3', 'Квасилов (Ровенская обл.)'),
('3044ab4c-a337-11e5-a023-005056887b8d', 'Верба(Ровенская обл.)'),
('315aca83-16cf-11e2-928c-d4ae527baec9', 'Копычинцы (Гусятинский р-н)'),
('3257a9a2-48f4-11e6-a9f2-005056887b8d', 'Любимовка (Каховский р-н)'),
('336e4326-12af-11e6-971e-005056887b8d', 'Острожец'),
('33bf5e83-11ad-11e4-acce-0050568002cf', 'Романковцы'),
('3425bc36-adb8-11e3-9fa0-0050568002cf', 'Счастливое'),
('346e8009-2ba7-11e5-add9-005056887b8d', 'Минай'),
('34ed9082-f784-11e3-8c4a-0050568002cf', 'Заря (Ровенская обл.)'),
('35c4e0f1-40de-11e5-8d8d-005056887b8d', 'Ерки'),
('35d676dd-7560-11de-a214-002219c743f6', 'Нетешин'),
('363c049c-5633-11e5-8d8d-005056887b8d', 'Медвежье Ушко'),
('366343f1-8fd6-11e2-8f83-d4ae527baec3', 'Великие Копани'),
('379e1aa4-3a88-11e5-add9-005056887b8d', 'Нижняя Дуванка'),
('37e74c43-6de0-11e6-a9f2-005056887b8d', 'Подгоровка'),
('38263fa1-b23e-11de-8bdf-000c2965ae0e', 'Вишневое'),
('383f0532-4a9b-11e2-889f-001631fa0467', 'Белогородка'),
('38b29898-d935-11e5-8478-005056887b8d', 'Делятин'),
('38f93fe5-4486-11e4-acce-0050568002cf', 'Красиловка (Броварской р-н)'),
('390611ba-646b-11e6-a9f2-005056887b8d', 'Запытов'),
('39b7cb3b-e12e-11e5-899e-005056887b8d', 'Вилок (Закарпатская обл.)'),
('3a678a0a-5788-11e5-8d8d-005056887b8d', 'Николаевка(Белопольский р-н)'),
('3a8354c1-da69-11e3-8c4a-0050568002cf', 'Стаси'),
('3abce78b-25bd-11e3-83b9-0050568002cf', 'Берестечко'),
('3adf9c9b-e4d0-11e3-8c4a-0050568002cf', 'Отыния'),
('3c67c750-a440-11dd-bcd8-001d92f78697', 'Броды'),
('3c67c752-a440-11dd-bcd8-001d92f78697', 'Сокаль'),
('3d19eb56-8980-11e5-b6f7-005056887b8d', 'Сивашкое'),
('3d19eb6d-8980-11e5-b6f7-005056887b8d', 'Рубановка'),
('3d31a62b-e8bc-11e4-8a92-005056887b8d', 'Сокирница(Хуст.р-н, Закарпатская обл.)'),
('3d3ed73e-ef6b-11e2-874c-d4ae527baec3', 'Вилково'),
('3d5b1cb7-e07c-11e5-899e-005056887b8d', 'Мачухи'),
('3ee2c1b7-65ce-11e5-8d8d-005056887b8d', 'Копашново'),
('3fb5e68d-08f0-11e4-acce-0050568002cf', 'Дашев'),
('4024132d-aa89-11e3-9fa0-0050568002cf', 'Глуховцы'),
('4030bb13-005e-11e5-8a92-005056887b8d', 'Княжичи (Броварской р-н)'),
('40981b29-a02c-11e1-b2df-0026b97ed48a', 'Гнивань'),
('409f4d03-6aa5-11e6-a9f2-005056887b8d', 'Райгородка'),
('41934c38-40f4-11e5-8d8d-005056887b8d', 'Бабанка'),
('4203a271-96cb-11e6-a4c1-005056887b8d', 'Ворохта'),
('429b3403-d3ce-11e5-8478-005056887b8d', 'Судилков'),
('42f92125-17b9-11e4-acce-0050568002cf', 'Сошично'),
('4400fabb-f9ba-11e2-874c-d4ae527baec3', 'Хоростков'),
('441f7f92-a440-11dd-bcd8-001d92f78697', 'Золочев (Львовская обл.)'),
('441f7f94-a440-11dd-bcd8-001d92f78697', 'Знаменка (Кировоградская обл.)'),
('441f7f96-a440-11dd-bcd8-001d92f78697', 'Пятихатки'),
('441f7f98-a440-11dd-bcd8-001d92f78697', 'Вольногорск'),
('441f7f9a-a440-11dd-bcd8-001d92f78697', 'Верхнеднепровск'),
('441f7f9c-a440-11dd-bcd8-001d92f78697', 'Дубно'),
('441f7f9e-a440-11dd-bcd8-001d92f78697', 'Желтые Воды'),
('4427697a-08f9-11de-b6f5-001d92f78697', 'Пирятин'),
('44799b36-4da8-11e6-a9f2-005056887b8d', 'Понорница'),
('44a5f428-1e9c-11e2-8db4-d4ae52ab9fab', 'Мамаевцы'),
('44c46a5b-3c1d-11e5-add9-005056887b8d', 'Новоалександровка (Днепропетровская обл.)'),
('44f6ea3b-cb56-11e5-8478-005056887b8d', 'Цебриково'),
('458595cf-62be-11e5-8d8d-005056887b8d', 'Сурско-Литовское'),
('458f63ba-ae97-11e3-9fa0-0050568002cf', 'Сенча'),
('46213fdf-45ef-11e2-889f-001631fa0467', 'Днепровское'),
('4777faaf-7405-11e5-8d8d-005056887b8d', 'Таирово'),
('4982365a-3a90-11e5-add9-005056887b8d', 'Балки (Запорожская обл.)'),
('4a99b45c-bb2e-11e3-9fa0-0050568002cf', 'Першотравенск (Житомирская обл.)'),
('4aa0c4d8-2d68-11e6-9e93-005056887b8d', 'Очеретино (Ясиноватский р-н)'),
('4afaaac2-f25d-11e5-899e-005056887b8d', 'Нисмичи'),
('4b63d481-b8aa-11e3-9fa0-0050568002cf', 'Березна (Черниговская обл.)'),
('4b9e7132-b937-11e1-b40c-0026b97ed48a', 'Верховцево'),
('4bbebe91-310b-11e5-add9-005056887b8d', 'Хацки'),
('4bed575e-9024-11df-9565-000c290fbeaa', 'Ватутино'),
('4cb8ef03-2620-11e5-add9-005056887b8d', 'Малая Белозерка'),
('4d121e31-eb2b-11e0-be54-f5cb9f9fdf36', 'Першотравенск (Днепропетровская обл)'),
('4d2bd895-cbe3-11e5-8478-005056887b8d', 'Зазимье'),
('4dde090e-0c77-11e6-971e-005056887b8d', 'Песчанка(Днепропетровская обл.)'),
('4df5a1d5-96cd-11e6-a4c1-005056887b8d', 'Пески-Радьковские'),
('4e1977c2-2af4-11e5-add9-005056887b8d', 'Лешня'),
('4ee2cc40-4024-11e5-8d8d-005056887b8d', 'Угля'),
('4f96ec77-4daf-11e6-a9f2-005056887b8d', 'Довбыш'),
('5034629b-98cc-11e5-a023-005056887b8d', 'Колоденка'),
('50393a1e-7340-11e6-a9f2-005056887b8d', 'Былбасовка'),
('51addb7b-052f-11e6-899e-005056887b8d', 'Констянтиновка(Арбузинский р-н, Никол.обл.)'),
('5236d132-7962-11e4-acce-0050568002cf', 'Конецполь'),
('52c0db3d-0d84-11e4-acce-0050568002cf', 'Новая Збурьевка'),
('52d6882c-ef4f-11e5-899e-005056887b8d', 'Иза'),
('5341f763-3ba7-11e7-80c8-005056887b8d', 'Старый Крым (Донецкая обл.)'),
('5431439f-0c7d-11e6-971e-005056887b8d', 'Горького'),
('54a7199c-65d2-11e5-8d8d-005056887b8d', 'Великий Любень'),
('54addc4c-3a81-11e5-add9-005056887b8d', 'Сигнаевка'),
('54fee475-31b3-11e3-b441-0050568002cf', 'Моршин'),
('571b3b74-7403-11e5-8d8d-005056887b8d', 'Преображенка'),
('582a8ae5-2ad2-11e5-add9-005056887b8d', 'Лысая Гора'),
('586d9b83-c5dc-11e1-86b4-0026b97ed48a', 'Курахово'),
('587c5ae4-993b-11e3-b441-0050568002cf', 'Белозерье'),
('594558db-f301-11e3-8c4a-0050568002cf', 'Махнивка (Винницкая обл.)'),
('59eaa8ac-e017-11e3-8c4a-0050568002cf', 'Тарановка'),
('5a182bb8-bfe7-11e3-9fa0-0050568002cf', 'Обуховка'),
('5a1df844-53f2-11e6-a9f2-005056887b8d', 'Чернятин (Жмеринский р-н)'),
('5a77aa77-c47c-11e3-95eb-0050568046cd', 'Коблево'),
('5ac4a58b-c1dd-11e6-8b12-005056887b8d', 'Александрия (Ровенская обл.)'),
('5b0cc18d-a8ee-11e3-9fa0-0050568002cf', 'Крюковщина'),
('5b0cc19b-a8ee-11e3-9fa0-0050568002cf', 'Великие Мосты'),
('5b655094-ee61-11e4-8a92-005056887b8d', 'Деловое'),
('5be59f06-1f2e-11e1-a84e-0026b97ed48a', 'Угледар'),
('5c60c9cc-5fc4-11e6-a9f2-005056887b8d', 'Калита'),
('5cfc170d-b2a8-11e4-a77a-005056887b8d', 'Поляна (Закарпатская обл.)'),
('5db917c0-edee-11e2-874c-d4ae527baec3', 'Вапнярка'),
('5e85d7df-55e7-11e4-acce-0050568002cf', 'Белая Криница (Ровенская обл.)'),
('5eb2e3ca-22e2-11e4-acce-0050568002cf', 'Лебедин (Черкаская обл., Шполянский р-н)'),
('5f2bb143-c601-11e3-95eb-0050568046cd', 'Великие Крынки (Глобинский р-н)'),
('60924a7d-53f5-11e6-a9f2-005056887b8d', 'Копайгород'),
('60ed9a8d-e4d0-11e3-8c4a-0050568002cf', 'Вишневец'),
('615019a2-6c11-11e1-a983-0026b97ed48a', 'Болехов'),
('6187f6c2-95fd-11e6-a4c1-005056887b8d', 'Хотинь'),
('6192d123-0d4a-11e6-971e-005056887b8d', 'Великая Чернетчина'),
('61b72f97-dc61-11e5-899e-005056887b8d', 'Стецковка'),
('621ed67c-e8bc-11e4-8a92-005056887b8d', 'Тальянки'),
('62242379-7e0d-11e5-b6f7-005056887b8d', 'Ракошино'),
('6286bfd7-cfc9-11e5-8478-005056887b8d', 'Старая Ушица'),
('62e39d31-65ce-11e5-8d8d-005056887b8d', 'Дударков'),
('6331b816-845f-11e5-b6f7-005056887b8d', 'Брод'),
('6380ff35-f877-11e4-8a92-005056887b8d', 'Ланчин'),
('64293b47-c3db-11e3-9fa0-0050568002cf', 'Козын (Ровенская обл.)'),
('648e5af5-40f5-11e5-8d8d-005056887b8d', 'Гельмязов'),
('64c9dfbf-797d-11e6-a9f2-005056887b8d', 'Боромля (Сумская обл.)'),
('64e19745-175e-11e6-971e-005056887b8d', 'Старомлиновка'),
('6535185b-0c79-11e6-971e-005056887b8d', 'Коршев'),
('6557dc10-4d89-11e6-a9f2-005056887b8d', 'Велятин'),
('65a62535-ffe7-11e5-899e-005056887b8d', 'Заборье'),
('65ab55f5-ea7e-11e5-899e-005056887b8d', 'Бохоники'),
('65cca7d3-9fdd-11e5-a023-005056887b8d', 'Ковалевка(Полтав.р-н,Полтав.обл.)'),
('66e45fac-34cc-11e3-b441-0050568002cf', 'Хыров'),
('6717add6-2471-11e4-acce-0050568002cf', 'Брюховичи'),
('6785d6dc-2f04-11e6-9e93-005056887b8d', 'Дядьковичи (Ровненский р-н)'),
('67954b0b-abc7-11e6-b5da-005056887b8d', 'Серебрия'),
('67b26074-a034-11e6-b5da-005056887b8d', 'Черниев'),
('67f00c1c-0092-11e6-899e-005056887b8d', 'Дулибы'),
('6863a00d-2bed-11e6-9e93-005056887b8d', 'Некрасово (Винницкий р-н)'),
('6908046f-84aa-11e1-8aad-0026b97ed48a', 'Опошня'),
('697a860d-3f4f-11de-b509-001d92f78698', 'Казатин'),
('69da414b-3f5d-11de-b509-001d92f78698', 'Липовец'),
('69da414e-3f5d-11de-b509-001d92f78698', 'Оратов'),
('69da4151-3f5d-11de-b509-001d92f78698', 'Ильинцы'),
('69da4154-3f5d-11de-b509-001d92f78698', 'Немиров (Винницкая обл.)'),
('69da4157-3f5d-11de-b509-001d92f78698', 'Тывров'),
('69da415a-3f5d-11de-b509-001d92f78698', 'Черновцы (Винницкая обл.)'),
('69da415d-3f5d-11de-b509-001d92f78698', 'Шаргород (Винницкая обл.)'),
('69da4160-3f5d-11de-b509-001d92f78698', 'Тульчин'),
('69da4163-3f5d-11de-b509-001d92f78698', 'Томашполь'),
('69da4166-3f5d-11de-b509-001d92f78698', 'Мурованые Куриловцы'),
('69da4169-3f5d-11de-b509-001d92f78698', 'Могилев - Подольский'),
('69da416c-3f5d-11de-b509-001d92f78698', 'Ямполь (Винницкая обл.)'),
('69da416f-3f5d-11de-b509-001d92f78698', 'Песчанка (Винницкая обл.)'),
('69da4172-3f5d-11de-b509-001d92f78698', 'Крыжополь'),
('69da4175-3f5d-11de-b509-001d92f78698', 'Чечельник'),
('69da4178-3f5d-11de-b509-001d92f78698', 'Тростянец (Винницкая обл.)'),
('69da417b-3f5d-11de-b509-001d92f78698', 'Бершадь'),
('69da417e-3f5d-11de-b509-001d92f78698', 'Теплик'),
('69da4181-3f5d-11de-b509-001d92f78698', 'Гайсин'),
('69da4184-3f5d-11de-b509-001d92f78698', 'Кринички'),
('69da4187-3f5d-11de-b509-001d92f78698', 'Соленое'),
('69da418a-3f5d-11de-b509-001d92f78698', 'Юрьевка'),
('69da418d-3f5d-11de-b509-001d92f78698', 'Близнюки'),
('69da4190-3f5d-11de-b509-001d92f78698', 'Петропавловка'),
('69da4193-3f5d-11de-b509-001d92f78698', 'Межевая'),
('69da4196-3f5d-11de-b509-001d92f78698', 'Покровское'),
('69da4199-3f5d-11de-b509-001d92f78698', 'Васильковка (Днепропетровская обл.)'),
('69da419c-3f5d-11de-b509-001d92f78698', 'Синельниково'),
('69da419f-3f5d-11de-b509-001d92f78698', 'Петриковка'),
('69da41a2-3f5d-11de-b509-001d92f78698', 'Царичанка'),
('69da41a5-3f5d-11de-b509-001d92f78698', 'Магдалиновка'),
('69da41a8-3f5d-11de-b509-001d92f78698', 'Лиман(Донецька обл)'),
('69da41ae-3f5d-11de-b509-001d92f78698', 'Великая Новоселка'),
('69da41b1-3f5d-11de-b509-001d92f78698', 'Марьинка'),
('69da41b4-3f5d-11de-b509-001d92f78698', 'Волноваха'),
('69da41bd-3f5d-11de-b509-001d92f78698', 'Ружин'),
('69da41c0-3f5d-11de-b509-001d92f78698', 'Попельня'),
('69da41c3-3f5d-11de-b509-001d92f78698', 'Андрушевка'),
('69da41c6-3f5d-11de-b509-001d92f78698', 'Чуднов'),
('69da41c9-3f5d-11de-b509-001d92f78698', 'Любар'),
('69da41cc-3f5d-11de-b509-001d92f78698', 'Романов'),
('69da41cf-3f5d-11de-b509-001d92f78698', 'Барановка'),
('69da41d2-3f5d-11de-b509-001d92f78698', 'Пулины'),
('69da41d5-3f5d-11de-b509-001d92f78698', 'Хорошев'),
('69da41d8-3f5d-11de-b509-001d92f78698', 'Емильчино'),
('69da41db-3f5d-11de-b509-001d92f78698', 'Олевск'),
('69da41de-3f5d-11de-b509-001d92f78698', 'Лугины'),
('69da41e1-3f5d-11de-b509-001d92f78698', 'Овруч'),
('69da41e4-3f5d-11de-b509-001d92f78698', 'Народичи'),
('69da41e7-3f5d-11de-b509-001d92f78698', 'Черняхов (Житомирская обл.)'),
('69da41ea-3f5d-11de-b509-001d92f78698', 'Коростышев'),
('69da41ed-3f5d-11de-b509-001d92f78698', 'Брусилов'),
('69da41f0-3f5d-11de-b509-001d92f78698', 'Радомышль'),
('69da41f3-3f5d-11de-b509-001d92f78698', 'Малин'),
('69da41f6-3f5d-11de-b509-001d92f78698', 'Приморск (Запорожская обл.)'),
('69da41f9-3f5d-11de-b509-001d92f78698', 'Черниговка'),
('6a992de9-fbee-11e5-899e-005056887b8d', 'Банилов'),
('6a9e13a9-1ea7-11e2-8db4-d4ae52ab9fab', 'Боровая (Киевская обл.)'),
('6add2379-e6a8-11e5-899e-005056887b8d', 'Шабо'),
('6cb98fe5-fd59-11e5-899e-005056887b8d', 'Тересва'),
('6d228cc6-a72a-11e6-b5da-005056887b8d', 'Большовцы'),
('6d522992-abca-11e6-b5da-005056887b8d', 'Ильичанка'),
('6df48384-a53f-11e4-a77a-005056887b8d', 'Рахны-Лисовые'),
('6e0a40da-1620-11e4-acce-0050568002cf', 'Радушное'),
('6e11e6e5-8e9b-11e1-bcb0-0026b97ed48a', 'Зеленодольск'),
('6edd6e0b-175d-11e6-971e-005056887b8d', 'Пивничное'),
('6eea52a4-0e14-11e2-a1de-d4ae527baec9', 'Калиновка(Васильковский район)'),
('6f68b6d0-4dae-11e6-a9f2-005056887b8d', 'Тучин'),
('6fd1191d-5adc-11e5-8d8d-005056887b8d', 'Чонгар(Херсонская обл.)'),
('6fe60866-bee9-11e3-9fa0-0050568002cf', 'Лазурное (Херсонская обл.)'),
('6fe6087e-bee9-11e3-9fa0-0050568002cf', 'Брилевка'),
('700f9986-4036-11e5-8d8d-005056887b8d', 'Угринов'),
('7110b9c1-92f3-11e2-a57a-d4ae527baec3', 'Ясиня'),
('7110b9ce-92f3-11e2-a57a-d4ae527baec3', 'Великий Бычков'),
('717b7acf-8ceb-11e0-8f21-e1d3134d1b45', 'Стоянка'),
('71cdda83-adab-11e3-9fa0-0050568002cf', 'Выришальное (Лохвицкий р-н)'),
('724dfe01-39f5-11e5-add9-005056887b8d', 'Корнын (Житомирская обл.)'),
('72e18d5d-5568-11e5-8d8d-005056887b8d', 'Высокий'),
('730cd06c-c17e-11e3-9fa0-0050568002cf', 'Новгородское (Донецкая обл.)'),
('732ade64-ee3f-11e4-8a92-005056887b8d', 'Гончаровское'),
('736b2f80-0050-11e5-8a92-005056887b8d', 'Белая'),
('738184fd-1626-11e3-874c-d4ae527baec3', 'Луков'),
('738d366f-e4a4-11e3-8c4a-0050568002cf', 'Головно'),
('73ada2c8-1986-11e5-add9-005056887b8d', 'Нерубайское'),
('7501f75e-1bee-11e5-add9-005056887b8d', 'Орловщина'),
('756bbe2c-4484-11e4-acce-0050568002cf', 'Калиновка (Броварской р-н)'),
('75d9394f-1cbd-11e6-971e-005056887b8d', 'Дорошовка'),
('762301d8-a3a4-11e3-9fa0-0050568002cf', 'Илларионово'),
('762c5152-cacb-11e3-95eb-0050568046cd', 'Лиманское (Раздельнянский р-н)'),
('76678793-8289-11dd-96a9-001d92f78698', 'Нежин'),
('77549389-40f4-11e5-8d8d-005056887b8d', 'Русская Лозовая'),
('77c9d073-9a52-11e4-acce-0050568002cf', 'Богуслав (Днепропетровская обл.)'),
('780fa595-4a88-11e6-a9f2-005056887b8d', 'Воскресенское (Николаевская обл.)'),
('7833e60c-3b51-11de-913b-001d92f78698', 'Котельва'),
('7833e60e-3b51-11de-913b-001d92f78698', 'Зеньков'),
('7833e610-3b51-11de-913b-001d92f78698', 'Гадяч'),
('7833e612-3b51-11de-913b-001d92f78698', 'Лохвица'),
('7833e614-3b51-11de-913b-001d92f78698', 'Шишаки'),
('7833e616-3b51-11de-913b-001d92f78698', 'Машевка'),
('7833e618-3b51-11de-913b-001d92f78698', 'Карловка'),
('7833e61a-3b51-11de-913b-001d92f78698', 'Чутово'),
('7833e61c-3b51-11de-913b-001d92f78698', 'Глобино'),
('7833e61e-3b51-11de-913b-001d92f78698', 'Семеновка(Полт.обл.,Семенов.р-н)'),
('7833e620-3b51-11de-913b-001d92f78698', 'Козельщина'),
('7833e622-3b51-11de-913b-001d92f78698', 'Кобеляки'),
('7833e624-3b51-11de-913b-001d92f78698', 'Новые Санжары'),
('7876a370-2ad1-11e5-add9-005056887b8d', 'Недобоивцы'),
('78ebfe5f-c39f-11e3-9fa0-0050568002cf', 'Королево'),
('7b4abc28-a850-11e4-a77a-005056887b8d', 'Рассошенцы(Полтавская обл.)'),
('7b75fb5a-2d1b-11e4-acce-0050568002cf', 'Жеребково'),
('7ca4516a-6418-11e4-acce-0050568002cf', 'Степань'),
('7d350679-e49e-11e3-8c4a-0050568002cf', 'Каменка (Черновицкая обл. Глыбокский р-н)'),
('7dbedf7f-0b93-11e5-8a92-005056887b8d', 'Винницкие Хутора'),
('7e3dc7c4-a859-11e4-a77a-005056887b8d', 'Новая Галещина (Козельщенский р-н)'),
('7e4cae5d-845f-11e5-b6f7-005056887b8d', 'Григоровка'),
('7ecec01b-0dee-11e6-971e-005056887b8d', 'Гоголев(Броварской р-н)'),
('801fe5be-e6a7-11e5-899e-005056887b8d', 'Затока'),
('8026b494-cc84-11e4-a77a-005056887b8d', 'Оржев'),
('80f5b4b1-c980-11e4-a77a-005056887b8d', 'Великие Борки'),
('80fce617-d989-11e2-874c-d4ae527baec3', 'Устилуг'),
('81450a32-ef4e-11e5-899e-005056887b8d', 'Куты (Косовский р-н)'),
('814cb7cd-e569-11e3-8c4a-0050568002cf', 'Панютино'),
('827f9e38-6c20-11e5-8d8d-005056887b8d', 'Червоное (Житомирская обл.)'),
('840d611d-ea81-11e5-899e-005056887b8d', 'Донское'),
('841477c8-6c2f-11e5-8d8d-005056887b8d', 'Мамалига'),
('844a3dd3-4d64-11e4-acce-0050568002cf', 'Ивано-Франково'),
('845890de-1987-11e5-add9-005056887b8d', 'Таврийское (Голопристанский р-н)'),
('84f61df1-f5bc-11e5-899e-005056887b8d', 'Новый Стародуб'),
('84f61e03-f5bc-11e5-899e-005056887b8d', 'Узловое'),
('8622316e-18f9-11e2-af92-d4ae52ab9fab', 'Смыга'),
('867bd3ec-ea80-11e5-899e-005056887b8d', 'Ялта (Донецкая обл.)'),
('8724d6d9-b329-11e3-9fa0-0050568002cf', 'Верхняя Сироватка'),
('874ccbdc-dd35-11e4-8a92-005056887b8d', 'Нива Трудовая'),
('87701ebd-1e5e-11e6-971e-005056887b8d', 'Райское(Херсонская обл.)'),
('87886600-d9ec-11e4-8a92-005056887b8d', 'Чинадиево'),
('87d042be-2276-11e2-83ab-d4ae52ab9fab', 'Нижние Ворота'),
('881563bb-6d3c-11e3-b441-0050568002cf', 'Воронеж'),
('88471a9e-650b-11e6-a9f2-005056887b8d', 'Тинное'),
('89517c52-05e1-11e4-acce-0050568002cf', 'Микулинцы'),
('89aff5a2-603f-11e5-8d8d-005056887b8d', 'Гавришовка'),
('89d3dd9e-0124-11e4-acce-0050568002cf', 'Остер'),
('89ed8d8a-8c5d-11e5-b6f7-005056887b8d', 'Шаян'),
('8a4ff697-78e7-11e6-a9f2-005056887b8d', 'Дружба (Тернопольская обл.)'),
('8aeac472-0bfa-11e4-acce-0050568002cf', 'Толстое'),
('8b86cac4-f1df-11e1-a58d-d4ae527baec9', 'Клавдиево-Тарасово'),
('8bdb0abd-92b5-11e5-a023-005056887b8d', 'Вороньков'),
('8bdb0ace-92b5-11e5-a023-005056887b8d', 'Погребы'),
('8c30dec7-3a09-11e2-8c54-d4ae52ab9fab', 'Завалье (Кировоград обл.)'),
('8c839dc2-117b-11e3-874c-d4ae527baec3', 'Словечное'),
('8cbcff3d-4037-11e5-8d8d-005056887b8d', 'Полигон'),
('8d5a980d-391c-11dd-90d9-001a92567626', 'Киев'),
('8d5a9813-391c-11dd-90d9-001a92567626', 'Кременчуг'),
('8d7f3b7e-a2d7-11e4-a77a-005056887b8d', 'Десна (Черниговская обл.)'),
('8d7f4ad3-5ada-11e5-8d8d-005056887b8d', 'Великий Кучуров'),
('8dc013b0-d273-11e2-874c-d4ae527baec3', 'Новоселки (Киево-Святошинский р-н)'),
('8e1718f5-1972-11e5-add9-005056887b8d', 'Авангард'),
('8e28a10a-584d-11e5-8d8d-005056887b8d', 'Гримайлов'),
('8e6f3b51-96cd-11e6-a4c1-005056887b8d', 'Розтоки'),
('8e8a0899-b06d-11e4-a77a-005056887b8d', 'Мельница-Подольская (Тернопольская обл.)'),
('8ec800a9-add9-11e3-9fa0-0050568002cf', 'Чкаловское'),
('8f416d29-2f04-11e6-9e93-005056887b8d', 'Ременов'),
('8f537039-48c9-11e6-a9f2-005056887b8d', 'Золотники'),
('8f6be858-7644-11e4-acce-0050568002cf', 'Драгово'),
('9042c788-f895-11e4-8a92-005056887b8d', 'Геронимовка'),
('905c11b6-13d6-11e4-acce-0050568002cf', 'Милая'),
('905c11c4-13d6-11e4-acce-0050568002cf', 'Хотов'),
('905c11d2-13d6-11e4-acce-0050568002cf', 'Козин (Киевская обл.)'),
('91214bc9-5d2c-11dd-b180-001d92f78698', 'Токмак'),
('9175510e-1bcf-11e4-acce-0050568002cf', 'Копылов'),
('91b43be1-9a51-11e4-acce-0050568002cf', 'Могилев'),
('921dbf9a-e246-11e3-8c4a-0050568002cf', 'Дубовое'),
('9261c077-1bee-11e5-add9-005056887b8d', 'Новопавловка(Межевский р-н)'),
('93bfc431-2638-11e5-add9-005056887b8d', 'Низы'),
('948a49c9-0416-11de-9570-001d92f78697', 'Доброполье'),
('94d7dc76-6c01-11e5-8d8d-005056887b8d', 'Гвоздец'),
('955e9578-d525-11e0-a0c3-b20c8c0df681', 'Соледар'),
('955e9579-d525-11e0-a0c3-b20c8c0df681', 'Северск'),
('955e957a-d525-11e0-a0c3-b20c8c0df681', 'Часов Яр'),
('956452a2-4748-11dd-9198-001d60451983', 'Кролевец'),
('956452b3-4748-11dd-9198-001d60451983', 'Белополье'),
('956d4d5b-556c-11e5-8d8d-005056887b8d', 'Буды (Харьковская обл.)'),
('958bc6af-21c5-11e3-b000-0050568002cf', 'Краснопавловка'),
('96455a1f-cb8c-11e3-95eb-0050568046cd', 'Комар'),
('9647d69a-c493-11e3-95eb-0050568046cd', 'Куликов'),
('96b0d78c-9853-11e2-a57a-d4ae527baec3', 'Немешаево'),
('96b8d7a4-be42-11e3-9fa0-0050568002cf', 'Антонины'),
('990f6b9b-aea1-11e3-9fa0-0050568002cf', 'Лазорки (Оржицкий р-н)'),
('991a7fe5-ea7d-11e5-899e-005056887b8d', 'Великая Березовица'),
('993f78ba-556a-11e5-8d8d-005056887b8d', 'Пивденное (Харьковский обл.)'),
('99a4b252-d7ed-11e1-a00a-d4ae527baec9', 'Иршанск'),
('9a2e3e5f-8cb5-11e3-b441-0050568002cf', 'Голубовка'),
('9b060ae5-9ee5-11e3-9fa0-0050568002cf', 'Солотвино'),
('9b060af0-9ee5-11e3-9fa0-0050568002cf', 'Вышково'),
('9bd18460-2dd6-11e4-acce-0050568002cf', 'Песчаная (Одесская обл.)'),
('9caf98c4-3c2f-11e5-add9-005056887b8d', 'Терпенье'),
('9df349a1-e784-11e5-899e-005056887b8d', 'Нещеретово'),
('9e8561b6-f1a0-11e1-a58d-d4ae527baec9', 'Ходоров'),
('9e8561c7-f1a0-11e1-a58d-d4ae527baec9', 'Чабаны'),
('9e8561d5-f1a0-11e1-a58d-d4ae527baec9', 'Ржищев'),
('9e8561e4-f1a0-11e1-a58d-d4ae527baec9', 'Ворзель'),
('9e8561e7-f1a0-11e1-a58d-d4ae527baec9', 'Глеваха'),
('9ebd345f-55b0-11e3-b441-0050568002cf', 'Лозоватка(Криворожский р-н)'),
('9ec5f824-be3b-11e3-9fa0-0050568002cf', 'Засулье'),
('9ec5f830-be3b-11e3-9fa0-0050568002cf', 'Терешки (Полтавский р-н)'),
('9ec5f83c-be3b-11e3-9fa0-0050568002cf', 'Вийтовка'),
('9f123276-3c30-11e5-add9-005056887b8d', 'Шестерня'),
('9f123288-3c30-11e5-add9-005056887b8d', 'Струмовка'),
('9f90e87f-c3a1-11e3-9fa0-0050568002cf', 'Белки'),
('a0122372-bfae-11e3-9fa0-0050568002cf', 'Судовая Вишня '),
('a175c209-1195-11e4-acce-0050568002cf', 'Городец'),
('a1e5b37e-41ad-11e5-8d8d-005056887b8d', 'Меденичи'),
('a20cd079-b4b6-11e3-9fa0-0050568002cf', 'Знобь-Новгородское'),
('a2153f40-0eac-11e5-add9-005056887b8d', 'Вильшана (Черкаская обл.)'),
('a269ff01-b93e-11e1-b40c-0026b97ed48a', 'Перещепино'),
('a2762a75-a0ef-11e1-b2df-0026b97ed48a', 'Заводское(Лохвицкий р-н,Полтав.обл)'),
('a2bbe8c0-8f4d-11e4-acce-0050568002cf', 'Малиновка (Харьковская обл.)'),
('a4502be4-577e-11de-b9fc-0021918b679a', 'Деражня'),
('a4502be6-577e-11de-b9fc-0021918b679a', 'Виньковцы'),
('a4502be8-577e-11de-b9fc-0021918b679a', 'Ярмолинцы'),
('a4502bea-577e-11de-b9fc-0021918b679a', 'Городок(Хмельницкая обл.)'),
('a4502bed-577e-11de-b9fc-0021918b679a', 'Чемеровцы'),
('a491944c-6f85-11e2-9b72-d4ae52ab9fab', 'Коцюбинское'),
('a4bdcbf5-b164-11e6-8b12-005056887b8d', 'Нижняя Сыроватка'),
('a4f77d1b-45fa-11df-a786-000c294065a1', 'Чоп'),
('a6ae40f9-8f07-11e3-b441-0050568002cf', 'Тарасовка'),
('a6dc90d6-c2be-11e2-874c-d4ae527baec3', 'Марьянское'),
('a869ebff-d500-11e3-95eb-0050568046cd', 'Черкасское'),
('a8fd54fe-9a2c-11e3-b441-0050568002cf', 'Первомайское(пгт-Никол.обл.Витовский.р-н)'),
('a8fd5509-9a2c-11e3-b441-0050568002cf', 'Козачья Лопань'),
('a8fd5514-9a2c-11e3-b441-0050568002cf', 'Ольшани (Харьковская обл.)'),
('a9280688-94c0-11e3-b441-0050568002cf', 'Андреевка (Балаклейский р-н)'),
('a92def6d-9e16-11e3-9fa0-0050568002cf', 'Торчин'),
('a92def78-9e16-11e3-9fa0-0050568002cf', 'Песковка'),
('a92def83-9e16-11e3-9fa0-0050568002cf', 'Мизоч'),
('a9b31b12-9a50-11e4-acce-0050568002cf', 'Николаевка (Петропавловский р-н)'),
('aa6ed829-7a07-11e4-acce-0050568002cf', 'Украинск (Донецкая обл.)'),
('ab8a95b8-b5bf-11e4-a77a-005056887b8d', 'Партизанское (Днепропетров.р-н)'),
('abc934f7-3c29-11e5-add9-005056887b8d', 'Осипенко(Бердянский р-н)'),
('abda0413-a32b-11e5-a023-005056887b8d', 'Петровское (Харьковская обл.)'),
('aca7b11b-4727-11e5-8d8d-005056887b8d', 'Рясное-Русское'),
('aca7b12e-4727-11e5-8d8d-005056887b8d', 'Краковец'),
('acecfca8-1488-11df-8caf-000c2965ae0e', 'Николаев (Львовская обл., Николаевский р-н)'),
('ad36316c-73e6-11e5-8d8d-005056887b8d', 'Матвеевка(Вольнянский р-н)'),
('ae7a32ba-0d45-11de-b6f5-001d92f78697', 'Балаклея (Харьковская обл.)'),
('ae7a32bc-0d45-11de-b6f5-001d92f78697', 'Купянск'),
('ae7a32be-0d45-11de-b6f5-001d92f78697', 'Геническ'),
('ae7a32c0-0d45-11de-b6f5-001d92f78697', 'Прилуки'),
('aefd0561-32a0-11e4-acce-0050568002cf', 'Кучурган'),
('af415363-995e-11e3-b441-0050568002cf', 'Новая Боровая'),
('b0048e00-07fd-11e4-acce-0050568002cf', 'Михайловка (Черкаська обл.)'),
('b120ad07-c025-11e5-8478-005056887b8d', 'Вольне (Криворожский р-н)'),
('b1a78da1-cfab-11e0-baa0-c8912765d3f7', 'Березань'),
('b1e56d42-bb61-11e5-8478-005056887b8d', 'Баранинцы (Закарпатская обл.)'),
('b1e56d53-bb61-11e5-8478-005056887b8d', 'Нижанковичи'),
('b23da969-abc7-11e6-b5da-005056887b8d', 'Стеблёвка'),
('b2b50b5d-9fda-11e5-a023-005056887b8d', 'Червоная Каменка'),
('b2dded6a-c3ac-11e3-9fa0-0050568002cf', 'Чайки'),
('b316568b-2471-11e4-acce-0050568002cf', 'Винники'),
('b389780a-e295-11e4-8a92-005056887b8d', 'Солонка (Львовская обл.)'),
('b3debcea-89b4-11e3-b441-0050568002cf', 'Новое'),
('b3debd00-89b4-11e3-b441-0050568002cf', 'Великая Виска'),
('b3debd0b-89b4-11e3-b441-0050568002cf', 'Парафиевка'),
('b3ecdf66-a84b-11de-a2ca-000c294065a1', 'Энергодар'),
('b493e00a-e985-11e4-8a92-005056887b8d', 'Яблонов'),
('b4ef6640-b8d8-11e4-a77a-005056887b8d', 'Водяное (Каменско-Днепровский р-н)'),
('b61307bf-3f59-11de-b509-001d92f78698', 'Хмельник (Винницкая обл.)'),
('b61307c2-3f59-11de-b509-001d92f78698', 'Калиновка (Винницкая обл., Калиновский р-н)'),
('b61307c5-3f59-11de-b509-001d92f78698', 'Погребище'),
('b61307c8-3f59-11de-b509-001d92f78698', 'Литин'),
('b61fecce-4d7c-11e6-a9f2-005056887b8d', 'Богдановка (Днепропетровская обл.)'),
('b6c1c6b7-0aaf-11e1-a180-0026b97ed48a', 'Новоднестровск'),
('b6e8345e-a929-11e0-91c2-e85e90109097', 'Новоайдар'),
('b6e8345f-a929-11e0-91c2-e85e90109097', 'Николаевка (Славянский городской совет)'),
('b76f8916-aeb1-11e3-9fa0-0050568002cf', 'Шевченково (Килийский р-н)'),
('b7cdf14c-c6fb-11e3-95eb-0050568046cd', 'Рогань(Великая Рогань)'),
('b7ef1235-a34f-11e1-b00b-0026b97ed48a', 'Помошная'),
('b893311e-c477-11e2-874c-d4ae527baec3', 'Побугское'),
('b8a340b4-aab7-11e3-9fa0-0050568002cf', 'Томашгород'),
('ba0f0e61-0d49-11e6-971e-005056887b8d', 'Ольшана(Сумская обл.)'),
('ba885c8e-027a-11e4-acce-0050568002cf', 'Косонь (Косино)'),
('bb73089d-6b37-11e4-acce-0050568002cf', 'Обертин'),
('bd344b7b-7c09-11e2-8f83-d4ae527baec3', 'Донец(Балаклейский р-н)'),
('bd344b86-7c09-11e2-8f83-d4ae527baec3', 'Солоницевка'),
('bd344b91-7c09-11e2-8f83-d4ae527baec3', 'Ковшаровка'),
('be66bcc8-d7b3-11e1-a00a-d4ae527baec9', 'Колки'),
('bf4e8215-2cf0-11e4-acce-0050568002cf', 'Чкалово (Новотроицкий р-н, Херсонская обл.)'),
('bff51fa5-4bf0-11e5-8d8d-005056887b8d', 'Горняк'),
('c008f79e-e690-11e5-899e-005056887b8d', 'Каролино-Бугаз'),
('c0301ffe-376e-11e5-add9-005056887b8d', 'Стуфчинцы'),
('c129b289-9942-11e3-b441-0050568002cf', 'Червоная Слобода'),
('c129b294-9942-11e3-b441-0050568002cf', 'Ладыжинка'),
('c129b29f-9942-11e3-b441-0050568002cf', 'Джулинка (Бершадской р-н)'),
('c129b2aa-9942-11e3-b441-0050568002cf', 'Тишковка'),
('c129b2c0-9942-11e3-b441-0050568002cf', 'Купянск-Узловой'),
('c22421c9-5632-11e5-8d8d-005056887b8d', 'Знаменовка (Новомосковский р-н)'),
('c2647f08-5261-11e1-8fd9-0026b97ed48a', 'Ладыжин'),
('c265a98b-95f8-11e6-a4c1-005056887b8d', 'Мирополь(Житомирская обл.)'),
('c29f5bc5-d501-11e3-95eb-0050568046cd', 'Вашковцы (Вижницкий р-н)'),
('c2ac48ea-96cd-11e6-a4c1-005056887b8d', 'Якушинци'),
('c335d9eb-bf5e-11e1-bdef-0026b97ed48a', 'Узин'),
('c335d9ee-bf5e-11e1-bdef-0026b97ed48a', 'Гребенки'),
('c335d9f1-bf5e-11e1-bdef-0026b97ed48a', 'Украинка'),
('c3927b9b-f137-11e3-8c4a-0050568002cf', 'Орлянское'),
('c3d881b0-d3cf-11e5-8478-005056887b8d', 'Молодежное'),
('c3f1286d-1677-11e6-971e-005056887b8d', 'Выпасное (Белгород-Днестровский р-н)'),
('c4418548-4da6-11e6-a9f2-005056887b8d', 'Мигово'),
('c4c69055-b682-11e3-9fa0-0050568002cf', 'Чаплино'),
('c514c05f-df32-11e3-8c4a-0050568002cf', 'Среднее'),
('c58de034-0730-11e4-acce-0050568002cf', 'Давыдов'),
('c5e40694-cf97-11e3-95eb-0050568046cd', 'Сутиски'),
('c5eee10a-f26f-11e5-899e-005056887b8d', 'Павлов(Львовская обл.)'),
('c5f70e46-4bd0-11dd-9198-001d60451983', 'Решетиловка'),
('c5f70e4a-4bd0-11dd-9198-001d60451983', 'Васильевка (Запорожская обл.)'),
('c5f70e4c-4bd0-11dd-9198-001d60451983', 'Пологи'),
('c5f70e4e-4bd0-11dd-9198-001d60451983', 'Орехов'),
('c63fffcc-352f-11e5-add9-005056887b8d', 'Староказачье'),
('c640284a-c975-11e4-a77a-005056887b8d', 'Заводское(Тернопольская обл.)'),
('c6839a20-c983-11e4-a77a-005056887b8d', 'Козацкое (Херсонская обл.)'),
('c6d1f384-b2a8-11e4-a77a-005056887b8d', 'Приютовка (Кировоградская обл.)'),
('c7146c17-1986-11e5-add9-005056887b8d', 'Великий Дальник'),
('c7cf0f9e-78d8-11e6-a9f2-005056887b8d', 'Заложцы'),
('c869f8c7-602b-11e4-acce-0050568002cf', 'Комарно'),
('c873836a-b02c-11e4-a77a-005056887b8d', 'Долгое (Закарпатская обл.)'),
('c8dfbaa6-4d9d-11e6-a9f2-005056887b8d', 'Липины'),
('c9825b43-11ac-11e4-acce-0050568002cf', 'Чудей'),
('cabc206c-49c7-11e6-a9f2-005056887b8d', 'Злинка'),
('cb3f9fc0-897e-11e5-b6f7-005056887b8d', 'Стоянов (Львовская обл.)'),
('cc4ca485-d3ce-11e5-8478-005056887b8d', 'Ольшанское'),
('cc4ca497-d3ce-11e5-8478-005056887b8d', 'Аджамка'),
('cc58f263-ea7f-11e5-899e-005056887b8d', 'Ситковцы'),
('cda266c3-7e10-11e5-b6f7-005056887b8d', 'Вишенки'),
('cdafe69f-dff6-11e3-8c4a-0050568002cf', 'Войтовцы (Хмельницкая обл.)'),
('cdcf5623-21ec-11e3-b000-0050568002cf', 'Лосиновка'),
('cddf656b-6042-11e5-8d8d-005056887b8d', 'Десна (Винницкая обл.)'),
('cde0b043-9bc8-11e4-acce-0050568002cf', 'Славское(Львовская обл.)'),
('ce36b5ac-1ccb-11e6-971e-005056887b8d', 'Сторожница(Ужгородский р-н)'),
('ce5f3852-ada5-11e3-9fa0-0050568002cf', 'Мошны'),
('cfb2e946-0554-11e6-899e-005056887b8d', 'Кушница'),
('cfbeac96-4063-11de-b509-001d92f78698', 'Бильмак (Запорожская обл.)'),
('cfbeac98-4063-11de-b509-001d92f78698', 'Розовка (Розовский р-н)'),
('cfbeac9a-4063-11de-b509-001d92f78698', 'Томаковка'),
('cfbeac9c-4063-11de-b509-001d92f78698', 'Каменка-Днепровская (Запорожская обл.)'),
('cfbeac9e-4063-11de-b509-001d92f78698', 'Великая Белозерка'),
('cfbeaca0-4063-11de-b509-001d92f78698', 'Михайловка (Михайловский р-н. Запорожская обл.)'),
('cfbeaca2-4063-11de-b509-001d92f78698', 'Вольнянск'),
('cfbeaca4-4063-11de-b509-001d92f78698', 'Новониколаевка (Запорожская обл.)'),
('cfbeaca6-4063-11de-b509-001d92f78698', 'Гуляйполе'),
('cfbeaca8-4063-11de-b509-001d92f78698', 'Акимовка (Запорожская обл.)'),
('d0057eac-f7aa-11e3-8c4a-0050568002cf', 'Вендичаны'),
('d125f5d1-c982-11e5-8478-005056887b8d', 'Боровское(Луганська обл.)'),
('d147e814-b094-11e2-8f96-d4ae527baec3', 'Горское'),
('d153d377-94c3-11e3-b441-0050568002cf', 'Брацлав'),
('d15a2b5c-d5ac-11e3-95eb-0050568046cd', 'Демидов'),
('d1e11fc5-c68b-11e2-874c-d4ae527baec3', 'Новые Петровцы'),
('d223f258-6621-11e3-b441-0050568002cf', 'Дубляны (Львов.обл.,Жовков.р-н)'),
('d25c4d36-b9ad-11e3-9fa0-0050568002cf', 'Клишковцы'),
('d30a9675-7404-11e5-8d8d-005056887b8d', 'Авиаторское'),
('d3f3b91f-b59c-11e3-9fa0-0050568002cf', 'Великие Лучки'),
('d3fc0057-7e9b-11e3-b441-0050568002cf', 'Немиров (Львовская обл.)'),
('d40d5ff5-fcca-11e1-a04c-d4ae527baec9', 'Безлюдовка'),
('d428afdd-0eb4-11e2-a1de-d4ae527baec9', 'Белицкое(Донецкая обл.)'),
('d48436af-e99c-11e0-be54-f5cb9f9fdf36', 'Люботин'),
('d48436b0-e99c-11e0-be54-f5cb9f9fdf36', 'Мерефа'),
('d51a21ef-f876-11e4-8a92-005056887b8d', 'Журавно'),
('d5f1521e-8c59-11e5-b6f7-005056887b8d', 'Леськи'),
('d6171f76-bc28-11e4-a77a-005056887b8d', 'Чорный Остров'),
('d63af498-ffe5-11e5-899e-005056887b8d', 'Триполье (Киевская обл.)'),
('d649425b-4b33-11e5-8d8d-005056887b8d', 'Мирное(Мелитопол. р-н)'),
('d653ba22-1988-11e5-add9-005056887b8d', 'Буштыно'),
('d653ba34-1988-11e5-add9-005056887b8d', 'Горинчово'),
('d67013b3-74f0-11e6-a9f2-005056887b8d', 'Иванив (Калиновский р-н)'),
('d6bc18f0-fa5d-11e5-899e-005056887b8d', 'Иванков(Бориспольский р-н)'),
('d928a4da-c069-11e6-8b12-005056887b8d', 'Верхнее Синевидное'),
('d97a7025-b8d8-11e4-a77a-005056887b8d', 'Красное (Львовская обл.)'),
('d9a34ff6-1749-11e6-971e-005056887b8d', 'Райгородок(Славянский р-н)'),
('d9b3e19d-60c1-11e2-89c8-d4ae52ab9fab', 'Божедаровка(Криничанский р-н)'),
('d9c2421e-89fd-11e5-b6f7-005056887b8d', 'Новотроицкое (Донецкая обл.)'),
('d9c95abc-005c-11e5-8a92-005056887b8d', 'Сагуновка'),
('da1d5f6b-e549-11e1-b22f-d4ae527baec9', 'Теплодар'),
('da5ede90-2625-11e5-add9-005056887b8d', 'Шипинцы'),
('dac09f79-7708-11e1-8934-0026b97ed48a', 'Днепрорудное'),
('dac5e47e-9fe5-11e4-a77a-005056887b8d', 'Сергеевка (Белгород-Днестровский р-н)'),
('db5c888c-391c-11dd-90d9-001a92567626', 'Николаев'),
('db5c8892-391c-11dd-90d9-001a92567626', 'Полтава'),
('db5c88ac-391c-11dd-90d9-001a92567626', 'Хмельницкий'),
('db5c88c0-391c-11dd-90d9-001a92567626', 'Бахмут'),
('db5c88c4-391c-11dd-90d9-001a92567626', 'Житомир'),
('db5c88c5-391c-11dd-90d9-001a92567626', 'Бердичев'),
('db5c88c6-391c-11dd-90d9-001a92567626', 'Запорожье'),
('db5c88c7-391c-11dd-90d9-001a92567626', 'Бердянск'),
('db5c88c9-391c-11dd-90d9-001a92567626', 'Мукачево'),
('db5c88ca-391c-11dd-90d9-001a92567626', 'Берегово'),
('db5c88cc-391c-11dd-90d9-001a92567626', 'Херсон'),
('db5c88cd-391c-11dd-90d9-001a92567626', 'Берислав (Херсонская обл.)'),
('db5c88ce-391c-11dd-90d9-001a92567626', 'Белая Церковь'),
('db5c88d0-391c-11dd-90d9-001a92567626', 'Одесса'),
('db5c88d1-391c-11dd-90d9-001a92567626', 'Белгород-Днестровский'),
('db5c88d3-391c-11dd-90d9-001a92567626', 'Болград (Одеская обл.)'),
('db5c88d4-391c-11dd-90d9-001a92567626', 'Борисполь'),
('db5c88d6-391c-11dd-90d9-001a92567626', 'Боярка'),
('db5c88d7-391c-11dd-90d9-001a92567626', 'Бровары'),
('db5c88d9-391c-11dd-90d9-001a92567626', 'Буча'),
('db5c88da-391c-11dd-90d9-001a92567626', 'Васильков'),
('db5c88db-391c-11dd-90d9-001a92567626', 'Виноградов'),
('db5c88dc-391c-11dd-90d9-001a92567626', 'Вышгород'),
('db5c88de-391c-11dd-90d9-001a92567626', 'Винница'),
('db5c88e0-391c-11dd-90d9-001a92567626', 'Харьков'),
('db5c88e1-391c-11dd-90d9-001a92567626', 'Волчанск'),
('db5c88e3-391c-11dd-90d9-001a92567626', 'Вознесенск'),
('db5c88e5-391c-11dd-90d9-001a92567626', 'Сумы'),
('db5c88e6-391c-11dd-90d9-001a92567626', 'Глухов (Сумская обл.)'),
('db5c88e7-391c-11dd-90d9-001a92567626', 'Голая Пристань'),
('db5c88ed-391c-11dd-90d9-001a92567626', 'Каменское(Днепропетровская обл)'),
('db5c88f0-391c-11dd-90d9-001a92567626', 'Днепр'),
('db5c88f5-391c-11dd-90d9-001a92567626', 'Львов'),
('db5c88f6-391c-11dd-90d9-001a92567626', 'Дрогобыч'),
('db5c88f7-391c-11dd-90d9-001a92567626', 'Дружковка'),
('db5c8900-391c-11dd-90d9-001a92567626', 'Тернополь'),
('db5c8901-391c-11dd-90d9-001a92567626', 'Збараж'),
('db5c8902-391c-11dd-90d9-001a92567626', 'Черкассы'),
('db5c8903-391c-11dd-90d9-001a92567626', 'Золотоноша'),
('db5c8904-391c-11dd-90d9-001a92567626', 'Ивано-Франковск'),
('db5c8907-391c-11dd-90d9-001a92567626', 'Измаил'),
('db5c8909-391c-11dd-90d9-001a92567626', 'Изюм'),
('db5c890b-391c-11dd-90d9-001a92567626', 'Черноморск'),
('db5c890d-391c-11dd-90d9-001a92567626', 'Кривой Рог'),
('db5c8911-391c-11dd-90d9-001a92567626', 'Ирпень'),
('db5c8913-391c-11dd-90d9-001a92567626', 'Калуш'),
('db5c8914-391c-11dd-90d9-001a92567626', 'Каменец-Подольский'),
('db5c8917-391c-11dd-90d9-001a92567626', 'Каховка'),
('db5c891b-391c-11dd-90d9-001a92567626', 'Кропивницкий'),
('db5c891e-391c-11dd-90d9-001a92567626', 'Ковель'),
('db5c891f-391c-11dd-90d9-001a92567626', 'Коломыя'),
('db5c8920-391c-11dd-90d9-001a92567626', 'Горишние Плавни'),
('db5c8923-391c-11dd-90d9-001a92567626', 'Конотоп'),
('db5c8924-391c-11dd-90d9-001a92567626', 'Коростень'),
('db5c8925-391c-11dd-90d9-001a92567626', 'Константиновка (Донецкая обл.)'),
('db5c8927-391c-11dd-90d9-001a92567626', 'Краматорск'),
('db5c892a-391c-11dd-90d9-001a92567626', 'Покровск'),
('db5c892b-391c-11dd-90d9-001a92567626', 'Красноград (Харьковская обл)'),
('db5c892e-391c-11dd-90d9-001a92567626', 'Кременец'),
('db5c8933-391c-11dd-90d9-001a92567626', 'Лебедин (Сумская обл.)'),
('db5c8934-391c-11dd-90d9-001a92567626', 'Лисичанск'),
('db5c8936-391c-11dd-90d9-001a92567626', 'Лозовая'),
('db5c8938-391c-11dd-90d9-001a92567626', 'Лубны'),
('db5c893b-391c-11dd-90d9-001a92567626', 'Луцк'),
('db5c8942-391c-11dd-90d9-001a92567626', 'Марганец'),
('db5c8944-391c-11dd-90d9-001a92567626', 'Мариуполь'),
('db5c8947-391c-11dd-90d9-001a92567626', 'Мелитополь'),
('db5c894c-391c-11dd-90d9-001a92567626', 'Миргород'),
('db5c894f-391c-11dd-90d9-001a92567626', 'Никополь (Днепропетровская обл.)'),
('db5c8951-391c-11dd-90d9-001a92567626', 'Новая Каховка'),
('db5c8953-391c-11dd-90d9-001a92567626', 'Нововолынск'),
('db5c8955-391c-11dd-90d9-001a92567626', 'Новоград-Волынский'),
('db5c8956-391c-11dd-90d9-001a92567626', 'Новомосковск'),
('db5c8958-391c-11dd-90d9-001a92567626', 'Обухов'),
('db5c895b-391c-11dd-90d9-001a92567626', 'Александрия (г.Кировогр.обл.райц)'),
('db5c895c-391c-11dd-90d9-001a92567626', 'Покров'),
('db5c895d-391c-11dd-90d9-001a92567626', 'Ахтырка'),
('db5c895e-391c-11dd-90d9-001a92567626', 'Павлоград');
INSERT INTO `np_city` (`id`, `name`) VALUES
('db5c8962-391c-11dd-90d9-001a92567626', 'Первомайск(Никол.обл.Первомайс.р-н)'),
('db5c8969-391c-11dd-90d9-001a92567626', 'Путивль'),
('db5c896a-391c-11dd-90d9-001a92567626', 'Ровно'),
('db5c896e-391c-11dd-90d9-001a92567626', 'Раздельная (Одесская обл.)'),
('db5c896f-391c-11dd-90d9-001a92567626', 'Ромны'),
('db5c8970-391c-11dd-90d9-001a92567626', 'Рубежное'),
('db5c8972-391c-11dd-90d9-001a92567626', 'Самбор'),
('db5c8974-391c-11dd-90d9-001a92567626', 'Светловодск'),
('db5c8977-391c-11dd-90d9-001a92567626', 'Северодонецк'),
('db5c897b-391c-11dd-90d9-001a92567626', 'Скадовск'),
('db5c897c-391c-11dd-90d9-001a92567626', 'Чернигов'),
('db5c897d-391c-11dd-90d9-001a92567626', 'Славутич'),
('db5c897e-391c-11dd-90d9-001a92567626', 'Славянск'),
('db5c8980-391c-11dd-90d9-001a92567626', 'Смела'),
('db5c8982-391c-11dd-90d9-001a92567626', 'Староконстантинов'),
('db5c8985-391c-11dd-90d9-001a92567626', 'Стрый'),
('dc14618c-64c5-11e4-acce-0050568002cf', 'Новая Прага'),
('dc48c2c7-89be-11e4-acce-0050568002cf', 'Стеблев (Черкасская обл.)'),
('dd7ccd80-2bf7-11e3-b441-0050568002cf', 'Власовка'),
('ddbdccfd-3d6c-11e4-acce-0050568002cf', 'Песчаное ( Полтавская обл.)'),
('df48bd59-7c23-11e3-b441-0050568002cf', 'Стрижавка'),
('df48bd64-7c23-11e3-b441-0050568002cf', 'Знамянка Вторая'),
('df9608e1-e72b-11e3-8c4a-0050568002cf', 'Бобрка'),
('dfdc9dad-ace7-11dd-8b61-001d92f78697', 'Таврийск (Херсонская обл.)'),
('dfdc9daf-ace7-11dd-8b61-001d92f78697', 'Белозерка (Херсонская обл.)'),
('dfdc9db1-ace7-11dd-8b61-001d92f78697', 'Красилов'),
('dfdc9db3-ace7-11dd-8b61-001d92f78697', 'Летичев'),
('e03f3a9e-a05d-11e3-9fa0-0050568002cf', 'Великая Дымерка'),
('e03f3aa9-a05d-11e3-9fa0-0050568002cf', 'Святопетровское (Киево-Свят. р-н)'),
('e0c7cd98-3a91-11e5-add9-005056887b8d', 'Великая Знаменка'),
('e1951fd2-f869-11e3-8c4a-0050568002cf', 'Бояны'),
('e1cef972-db0a-11e1-aa18-d4ae527baec9', 'Ворожба (Белопольский р-н)'),
('e1e334d4-386c-11e6-a9f2-005056887b8d', 'Слатино'),
('e221d620-391c-11dd-90d9-001a92567626', 'Теребовля'),
('e221d621-391c-11dd-90d9-001a92567626', 'Терновка'),
('e221d625-391c-11dd-90d9-001a92567626', 'Тростянец (Сумская обл.)'),
('e221d626-391c-11dd-90d9-001a92567626', 'Трускавец'),
('e221d627-391c-11dd-90d9-001a92567626', 'Ужгород'),
('e221d62a-391c-11dd-90d9-001a92567626', 'Умань'),
('e221d62b-391c-11dd-90d9-001a92567626', 'Фастов'),
('e221d63b-391c-11dd-90d9-001a92567626', 'Хорол'),
('e221d63c-391c-11dd-90d9-001a92567626', 'Хуст'),
('e221d63e-391c-11dd-90d9-001a92567626', 'Алёшки(Херсонская обл)'),
('e221d63f-391c-11dd-90d9-001a92567626', 'Червоноград (Львовская обл.)'),
('e221d642-391c-11dd-90d9-001a92567626', 'Черновцы'),
('e221d647-391c-11dd-90d9-001a92567626', 'Чортков'),
('e221d648-391c-11dd-90d9-001a92567626', 'Чугуев'),
('e221d64b-391c-11dd-90d9-001a92567626', 'Шепетовка'),
('e221d64c-391c-11dd-90d9-001a92567626', 'Шостка'),
('e221d64d-391c-11dd-90d9-001a92567626', 'Счастье'),
('e221d64e-391c-11dd-90d9-001a92567626', 'Южное'),
('e221d650-391c-11dd-90d9-001a92567626', 'Южноукраинск'),
('e255bae9-1ed4-11e3-b000-0050568002cf', 'Поляница (Буковель)'),
('e295efe0-59e9-11e4-acce-0050568002cf', 'Новопокровка (Харьковская обл.)'),
('e295efee-59e9-11e4-acce-0050568002cf', 'Люблинец'),
('e3373ba0-12af-11e6-971e-005056887b8d', 'Хмелевое (Кировоградская обл.)'),
('e33f7821-585f-11e5-8d8d-005056887b8d', 'Соколовка'),
('e3ab14fe-0c78-11e6-971e-005056887b8d', 'Вольное(Новомосковский р-н)'),
('e3d01136-c491-11e3-95eb-0050568046cd', 'Благовещенка (Камянско-Днепровский р-н)'),
('e43db799-7d8b-11e1-beca-0026b97ed48a', 'Бурштын'),
('e47acc5b-5561-11e5-8d8d-005056887b8d', 'Песчаное(Черкаская обл.)'),
('e4c29040-e017-11e3-8c4a-0050568002cf', 'Мостки (Сватовский р-н)'),
('e57694f2-14cb-11e5-add9-005056887b8d', 'Фонтанка'),
('e57d990d-a7f7-11e6-b5da-005056887b8d', 'Опытное (Бахмутский р-н)'),
('e592a575-6c25-11e5-8d8d-005056887b8d', 'Гришковцы'),
('e5dd3d21-3b29-11de-913b-001d92f78698', 'Чернухи (Полтавская обл.)'),
('e5dd3d23-3b29-11de-913b-001d92f78698', 'Гребенка (Полтавская обл.)'),
('e5dd3d25-3b29-11de-913b-001d92f78698', 'Оржица'),
('e5dd3d27-3b29-11de-913b-001d92f78698', 'Великая Багачка'),
('e5dd3d29-3b29-11de-913b-001d92f78698', 'Диканька'),
('e69c202a-c5f7-11e3-95eb-0050568046cd', 'Гоголево (Полтавская обл.)'),
('e6e45300-cf93-11e3-95eb-0050568046cd', 'Кирнасовка'),
('e846e4c8-38b8-11e4-acce-0050568002cf', 'Клесов'),
('e84e3d7b-3270-11e4-acce-0050568002cf', 'Новый Калинов'),
('e85ae8a5-2f7d-11e4-acce-0050568002cf', 'Скала-Подольская'),
('e8da2364-826e-11e3-b441-0050568002cf', 'Голобы'),
('e8da236f-826e-11e3-b441-0050568002cf', 'Русская Поляна'),
('e8da237a-826e-11e3-b441-0050568002cf', 'Добротвор'),
('e8da2385-826e-11e3-b441-0050568002cf', 'Сходница'),
('e8da2390-826e-11e3-b441-0050568002cf', 'Стебник'),
('e8da239b-826e-11e3-b441-0050568002cf', 'Рудки'),
('ea398304-3d40-11e2-8c54-d4ae52ab9fab', 'Почаев'),
('ead28a23-602b-11e4-acce-0050568002cf', 'Шегини'),
('eb0a19b1-bbf6-11e3-9fa0-0050568002cf', 'Новый Ярычев'),
('eb0a19bd-bbf6-11e3-9fa0-0050568002cf', 'Циркуны'),
('eb0a19be-bbf6-11e3-9fa0-0050568002cf', 'Малехов'),
('eb252228-a17a-11e4-a77a-005056887b8d', 'Выгода (Ивано-Франковская обл)'),
('eb7f0f9b-1e63-11e6-971e-005056887b8d', 'Железный Порт'),
('eb870456-11ac-11e4-acce-0050568002cf', 'Лужаны'),
('ebc0eda9-93ec-11e3-b441-0050568002cf', 'Агрономичное'),
('ebc0edab-93ec-11e3-b441-0050568002cf', 'Дмитровка (Знамянский р-н Кировоградская обл.)'),
('ebc0edac-93ec-11e3-b441-0050568002cf', 'Субботцы'),
('ec2c06dc-5fc4-11e6-a9f2-005056887b8d', 'Ралевка'),
('ecd353bd-9fdf-11e5-a023-005056887b8d', 'Сокольники'),
('ed248925-086e-11e2-891f-d4ae527baec9', 'Белики'),
('ed248926-086e-11e2-891f-d4ae527baec9', 'Старовойтово'),
('ed5af256-0cbb-11e4-acce-0050568002cf', 'Грицев'),
('ed5ca607-b33f-11e3-9fa0-0050568002cf', 'Днепровка (Запорожская обл.)'),
('ed654e1f-2e8e-11e4-acce-0050568002cf', 'Ирклиев'),
('eea275cd-89fe-11e5-b6f7-005056887b8d', 'Шевченково (Черкаская обл.)'),
('eef079f6-2535-11e0-ac94-0024e83b596e', 'Святогорск'),
('eef079f8-2535-11e0-ac94-0024e83b596e', 'Александровка (Александр.р-н,Донец.обл)'),
('f0a46911-9ae8-11e3-b441-0050568002cf', 'Городковка'),
('f0aa45c7-f131-11e3-8c4a-0050568002cf', 'Молочанск'),
('f16ef2e4-8e76-11e3-b441-0050568002cf', 'Аулы'),
('f16ef2ef-8e76-11e3-b441-0050568002cf', 'Камышеваха'),
('f1acd214-2cf1-11e4-acce-0050568002cf', 'Рыково'),
('f3184567-e633-11e3-8c4a-0050568002cf', 'Добромиль'),
('f34321e4-07b4-11e6-971e-005056887b8d', 'Виры'),
('f38f1ed0-a53e-11e4-a77a-005056887b8d', 'Троицкое (Одес.обл, Беляевский р-н)'),
('f462447e-6887-11e3-b441-0050568002cf', 'Сосновка (Львовская обл.)'),
('f484b808-bec7-11e2-874c-d4ae527baec3', 'Гвардейское (Днепропетровск)'),
('f48833e0-ba62-11e3-9fa0-0050568002cf', 'Терны'),
('f4890a83-8344-11df-884b-000c290fbeaa', 'Андреевка (Бердянский р-н)'),
('f5554065-5712-11e1-a283-0026b97ed48a', 'Новояворовск'),
('f583e224-3a89-11e5-add9-005056887b8d', 'Кирилловка(Акимовский р-н)'),
('f70622ca-4078-11de-b509-001d92f78698', 'Веселое'),
('f70622cc-4078-11de-b509-001d92f78698', 'Нижние Серогозы'),
('f70622ce-4078-11de-b509-001d92f78698', 'Ивановка (Херсонская обл.)'),
('f70622d0-4078-11de-b509-001d92f78698', 'Приазовское'),
('f70622d2-4078-11de-b509-001d92f78698', 'Галич'),
('f70622d4-4078-11de-b509-001d92f78698', 'Рогатин'),
('f70622d6-4078-11de-b509-001d92f78698', 'Долина'),
('f70622d8-4078-11de-b509-001d92f78698', 'Рожнятов'),
('f70622da-4078-11de-b509-001d92f78698', 'Богородчаны'),
('f70622dc-4078-11de-b509-001d92f78698', 'Надворная'),
('f70622de-4078-11de-b509-001d92f78698', 'Верховина'),
('f70622e0-4078-11de-b509-001d92f78698', 'Косов'),
('f70622e2-4078-11de-b509-001d92f78698', 'Снятин'),
('f70622e4-4078-11de-b509-001d92f78698', 'Городенка'),
('f70622e6-4078-11de-b509-001d92f78698', 'Тлумач'),
('f70622e8-4078-11de-b509-001d92f78698', 'Тысменица'),
('f70622ea-4078-11de-b509-001d92f78698', 'Дунаевцы'),
('f70622ec-4078-11de-b509-001d92f78698', 'Новая Ушица'),
('f70622ee-4078-11de-b509-001d92f78698', 'Макаров'),
('f70622f0-4078-11de-b509-001d92f78698', 'Бородянка'),
('f70622f2-4078-11de-b509-001d92f78698', 'Иванков (Иванковский р-н)'),
('f70622f4-4078-11de-b509-001d92f78698', 'Красятичи'),
('f70622f6-4078-11de-b509-001d92f78698', 'Барышевка'),
('f70622f8-4078-11de-b509-001d92f78698', 'Згуровка'),
('f70622fa-4078-11de-b509-001d92f78698', 'Яготин'),
('f70622fc-4078-11de-b509-001d92f78698', 'Переяслав-Хмельницкий'),
('f70622fe-4078-11de-b509-001d92f78698', 'Сквира'),
('f7062300-4078-11de-b509-001d92f78698', 'Володарка'),
('f7062302-4078-11de-b509-001d92f78698', 'Тетиев'),
('f7062304-4078-11de-b509-001d92f78698', 'Ставище'),
('f7062306-4078-11de-b509-001d92f78698', 'Ракитное (Киевская обл., Ракитнянский р-н)'),
('f7062308-4078-11de-b509-001d92f78698', 'Тараща'),
('f706230a-4078-11de-b509-001d92f78698', 'Богуслав (Киевская обл.)'),
('f706230c-4078-11de-b509-001d92f78698', 'Мироновка'),
('f706230e-4078-11de-b509-001d92f78698', 'Кагарлык'),
('f7062310-4078-11de-b509-001d92f78698', 'Онуфриевка'),
('f7062312-4078-11de-b509-001d92f78698', 'Софиевка(Днепропетровская обл.)'),
('f7062314-4078-11de-b509-001d92f78698', 'Широкое (Широковский р-н)'),
('f7062316-4078-11de-b509-001d92f78698', 'Апостолово'),
('f7062318-4078-11de-b509-001d92f78698', 'Нововоронцовка'),
('f706231a-4078-11de-b509-001d92f78698', 'Высокополье'),
('f706231c-4078-11de-b509-001d92f78698', 'Великая Александровка (Херсонская обл.)'),
('f706231e-4078-11de-b509-001d92f78698', 'Петрово'),
('f7062320-4078-11de-b509-001d92f78698', 'Александровка (пгт.Кировог.обл.райц)'),
('f7062322-4078-11de-b509-001d92f78698', 'Новомиргород'),
('f7062324-4078-11de-b509-001d92f78698', 'Малая Виска'),
('f7062326-4078-11de-b509-001d92f78698', 'Новоархангельск'),
('f7062328-4078-11de-b509-001d92f78698', 'Добровеличковка'),
('f706232a-4078-11de-b509-001d92f78698', 'Новоукраинка'),
('f706232c-4078-11de-b509-001d92f78698', 'Компанеевка'),
('f706232e-4078-11de-b509-001d92f78698', 'Бобринец'),
('f7062330-4078-11de-b509-001d92f78698', 'Устиновка'),
('f7062332-4078-11de-b509-001d92f78698', 'Долинская'),
('f7062334-4078-11de-b509-001d92f78698', 'Новгородка(Кировоградская обл.)'),
('f7062338-4078-11de-b509-001d92f78698', 'Станица Луганская'),
('f706233e-4078-11de-b509-001d92f78698', 'Попасная'),
('f7062340-4078-11de-b509-001d92f78698', 'Кременная'),
('f7062342-4078-11de-b509-001d92f78698', 'Сватово'),
('f7062344-4078-11de-b509-001d92f78698', 'Троицкое (Луганская обл.)'),
('f7062346-4078-11de-b509-001d92f78698', 'Белокуракино'),
('f7062348-4078-11de-b509-001d92f78698', 'Новопсков'),
('f706234a-4078-11de-b509-001d92f78698', 'Старобельск'),
('f706234c-4078-11de-b509-001d92f78698', 'Марковка'),
('f706234e-4078-11de-b509-001d92f78698', 'Меловое'),
('f7062350-4078-11de-b509-001d92f78698', 'Беловодск'),
('f7062352-4078-11de-b509-001d92f78698', 'Рожище'),
('f7062354-4078-11de-b509-001d92f78698', 'Киверцы'),
('f7062356-4078-11de-b509-001d92f78698', 'Локачи'),
('f7062358-4078-11de-b509-001d92f78698', 'Владимир-Волынский'),
('f706235a-4078-11de-b509-001d92f78698', 'Иваничи (Волынская обл.)'),
('f706235c-4078-11de-b509-001d92f78698', 'Горохов'),
('f706235e-4078-11de-b509-001d92f78698', 'Турийск'),
('f7062360-4078-11de-b509-001d92f78698', 'Любомль'),
('f7062362-4078-11de-b509-001d92f78698', 'Шацк'),
('f7062364-4078-11de-b509-001d92f78698', 'Ратно'),
('f7062366-4078-11de-b509-001d92f78698', 'Старая Выжевка'),
('f7062368-4078-11de-b509-001d92f78698', 'Камень-Каширский'),
('f706236a-4078-11de-b509-001d92f78698', 'Любешов'),
('f706236c-4078-11de-b509-001d92f78698', 'Маневичи'),
('f706236e-4078-11de-b509-001d92f78698', 'Перемышляны'),
('f7062370-4078-11de-b509-001d92f78698', 'Буск'),
('f7062372-4078-11de-b509-001d92f78698', 'Радивилов'),
('f7062374-4078-11de-b509-001d92f78698', 'Каменка-Бугская'),
('f7062376-4078-11de-b509-001d92f78698', 'Радехов'),
('f7062378-4078-11de-b509-001d92f78698', 'Жовква'),
('f706237a-4078-11de-b509-001d92f78698', 'Яворов'),
('f706237c-4078-11de-b509-001d92f78698', 'Мостиска'),
('f706237e-4078-11de-b509-001d92f78698', 'Городок(Львовская обл.)'),
('f7062380-4078-11de-b509-001d92f78698', 'Старый Самбор'),
('f7062382-4078-11de-b509-001d92f78698', 'Турка'),
('f7062384-4078-11de-b509-001d92f78698', 'Сколе'),
('f7062386-4078-11de-b509-001d92f78698', 'Жидачов'),
('f7062388-4078-11de-b509-001d92f78698', 'Новый Роздол'),
('f78813ec-8e46-11e3-b441-0050568002cf', 'Сосновое'),
('f78813f7-8e46-11e3-b441-0050568002cf', 'Рафаловка'),
('f7b76339-fb26-11e5-899e-005056887b8d', 'Новониколаевка(Скадовский р-н)'),
('f7b7634a-fb26-11e5-899e-005056887b8d', 'Нижние Становци'),
('f81cc520-6b27-11e5-8d8d-005056887b8d', 'Степановка (Сумская обл.)'),
('f9687167-d4f7-11e2-874c-d4ae527baec3', 'Борислав (Львовская обл.)'),
('fafb2062-4715-11e5-8d8d-005056887b8d', 'Гнездычев'),
('fb0b387e-3a90-11e5-add9-005056887b8d', 'Нововодяное'),
('fb5f51b2-0d49-11e6-971e-005056887b8d', 'Мирополье(Сумская обл.)'),
('fb7a09d9-7ec0-11e3-b441-0050568002cf', 'Белолуцк'),
('fb7a2425-6983-11e4-acce-0050568002cf', 'Александровка (Николаевская обл.)'),
('fc0f494a-176e-11e6-971e-005056887b8d', 'Колочава'),
('fc0f495b-176e-11e6-971e-005056887b8d', 'Страбичово'),
('fc1511bd-8297-11e3-b441-0050568002cf', 'Зимняя Вода'),
('fc246356-fbed-11e5-899e-005056887b8d', 'Елизаветовка'),
('fdedf3cf-beff-11e3-9fa0-0050568002cf', 'Цибулев'),
('fe62f4cf-1b3d-11e5-add9-005056887b8d', 'Стрелки'),
('ffcb4bbd-c986-11e5-8478-005056887b8d', 'Камышня');

-- --------------------------------------------------------

--
-- Table structure for table `np_delivery_tech`
--

CREATE TABLE `np_delivery_tech` (
  `id` varchar(50) NOT NULL,
  `name` varchar(50) DEFAULT NULL
) ENGINE=InnoDB DEFAULT CHARSET=utf8 COMMENT='Технология доставки';

--
-- Dumping data for table `np_delivery_tech`
--

INSERT INTO `np_delivery_tech` (`id`, `name`) VALUES
('DoorsDoors', 'Адреса-Адреса'),
('DoorsWarehouse', 'Адреса-Відділення'),
('WarehouseDoors', 'Відділення-Адреса'),
('WarehouseWarehouse', 'Відділення-Відділення');

-- --------------------------------------------------------

--
-- Table structure for table `np_payer_type`
--

CREATE TABLE `np_payer_type` (
  `id` varchar(50) NOT NULL,
  `name` varchar(50) NOT NULL
) ENGINE=InnoDB DEFAULT CHARSET=utf8;

--
-- Dumping data for table `np_payer_type`
--

INSERT INTO `np_payer_type` (`id`, `name`) VALUES
('Recipient', 'Одержувач'),
('Sender', 'Відправник'),
('ThirdPerson', 'Третя особа');

-- --------------------------------------------------------

--
-- Table structure for table `np_payment_method`
--

CREATE TABLE `np_payment_method` (
  `id` varchar(50) NOT NULL,
  `name` varchar(50) DEFAULT NULL
) ENGINE=InnoDB DEFAULT CHARSET=utf8;

--
-- Dumping data for table `np_payment_method`
--

INSERT INTO `np_payment_method` (`id`, `name`) VALUES
('Cash', 'Готівка'),
('NonCash', 'Безготівковий');

-- --------------------------------------------------------

--
-- Table structure for table `user`
--

CREATE TABLE `user` (
  `id` int(10) UNSIGNED NOT NULL,
  `login` varchar(20) NOT NULL,
  `username` varchar(50) NOT NULL,
  `password` varchar(100) NOT NULL
) ENGINE=InnoDB DEFAULT CHARSET=utf8;

--
-- Dumping data for table `user`
--

INSERT INTO `user` (`id`, `login`, `username`, `password`) VALUES
(1, 'admin', 'Admin', '$2y$13$BtAYQoaWubN.VqHvc/nMzOPtHb8oVazKMeZsYqlymGre9Ds7bIGAa'),
(2, 'operator', 'Operator_1', '$2y$13$BtAYQoaWubN.VqHvc/nMzOPtHb8oVazKMeZsYqlymGre9Ds7bIGAa'),
(3, 'storekeeper', 'Storekeeper_1', '$2y$13$BtAYQoaWubN.VqHvc/nMzOPtHb8oVazKMeZsYqlymGre9Ds7bIGAa'),
(17, 'admin2', 'zxczxczxc', '$2y$13$B1jn2OYcnIzRs8.mKmVkDe9FZ2iofNU9fM8Ntzht3z4rL8HCtYPIi'),
(18, 'new', 'New User', '$2y$13$WOlFoUG9xOwJVTdKDN7Yju6wSrMhMzOyPhXWHTEobZlpEOdilk2yK'),
(20, 'bogdana', 'Богдана', '$2y$13$rrP/62SwvkXoPje/T/ttUOSnL0izqj16nllsGutskZyaox0a5rTZS'),
(21, 'alisa', 'Алиса', '$2y$13$tdRPTMvCY3jLKTgVln3fxu0cgL/2wVkA44nSDXiAcUyelslJRUo12'),
(22, 'katya', 'Катя', '$2y$13$imptzYl0PdQu525JWOGnduSJlsXmpzn2ZbqWOuPEegUb/pRv2tYVa');

--
-- Indexes for dumped tables
--

--
-- Indexes for table `auth_assignment`
--
ALTER TABLE `auth_assignment`
  ADD PRIMARY KEY (`item_name`,`user_id`);

--
-- Indexes for table `auth_item`
--
ALTER TABLE `auth_item`
  ADD PRIMARY KEY (`name`),
  ADD KEY `rule_name` (`rule_name`),
  ADD KEY `idx-auth_item-type` (`type`);

--
-- Indexes for table `auth_item_child`
--
ALTER TABLE `auth_item_child`
  ADD PRIMARY KEY (`parent`,`child`),
  ADD KEY `child` (`child`);

--
-- Indexes for table `auth_rule`
--
ALTER TABLE `auth_rule`
  ADD PRIMARY KEY (`name`);

--
-- Indexes for table `lead`
--
ALTER TABLE `lead`
  ADD PRIMARY KEY (`id`);

--
-- Indexes for table `lead_status`
--
ALTER TABLE `lead_status`
  ADD PRIMARY KEY (`id`);

--
-- Indexes for table `migration`
--
ALTER TABLE `migration`
  ADD PRIMARY KEY (`version`);

--
-- Indexes for table `np_area`
--
ALTER TABLE `np_area`
  ADD PRIMARY KEY (`id`);

--
-- Indexes for table `np_city`
--
ALTER TABLE `np_city`
  ADD PRIMARY KEY (`id`);

--
-- Indexes for table `np_delivery_tech`
--
ALTER TABLE `np_delivery_tech`
  ADD PRIMARY KEY (`id`);

--
-- Indexes for table `np_payer_type`
--
ALTER TABLE `np_payer_type`
  ADD PRIMARY KEY (`id`);

--
-- Indexes for table `np_payment_method`
--
ALTER TABLE `np_payment_method`
  ADD PRIMARY KEY (`id`);

--
-- Indexes for table `user`
--
ALTER TABLE `user`
  ADD PRIMARY KEY (`id`);

--
-- AUTO_INCREMENT for dumped tables
--

--
-- AUTO_INCREMENT for table `lead`
--
ALTER TABLE `lead`
  MODIFY `id` int(11) NOT NULL AUTO_INCREMENT COMMENT 'ID лида', AUTO_INCREMENT=2336;
--
-- AUTO_INCREMENT for table `lead_status`
--
ALTER TABLE `lead_status`
  MODIFY `id` int(10) UNSIGNED NOT NULL AUTO_INCREMENT, AUTO_INCREMENT=8;
--
-- AUTO_INCREMENT for table `user`
--
ALTER TABLE `user`
  MODIFY `id` int(10) UNSIGNED NOT NULL AUTO_INCREMENT, AUTO_INCREMENT=23;
--
-- Constraints for dumped tables
--

--
-- Constraints for table `auth_assignment`
--
ALTER TABLE `auth_assignment`
  ADD CONSTRAINT `auth_assignment_ibfk_1` FOREIGN KEY (`item_name`) REFERENCES `auth_item` (`name`) ON DELETE CASCADE ON UPDATE CASCADE;

--
-- Constraints for table `auth_item`
--
ALTER TABLE `auth_item`
  ADD CONSTRAINT `auth_item_ibfk_1` FOREIGN KEY (`rule_name`) REFERENCES `auth_rule` (`name`) ON DELETE SET NULL ON UPDATE CASCADE;

--
-- Constraints for table `auth_item_child`
--
ALTER TABLE `auth_item_child`
  ADD CONSTRAINT `auth_item_child_ibfk_1` FOREIGN KEY (`parent`) REFERENCES `auth_item` (`name`) ON DELETE CASCADE ON UPDATE CASCADE,
  ADD CONSTRAINT `auth_item_child_ibfk_2` FOREIGN KEY (`child`) REFERENCES `auth_item` (`name`) ON DELETE CASCADE ON UPDATE CASCADE;

/*!40101 SET CHARACTER_SET_CLIENT=@OLD_CHARACTER_SET_CLIENT */;
/*!40101 SET CHARACTER_SET_RESULTS=@OLD_CHARACTER_SET_RESULTS */;
/*!40101 SET COLLATION_CONNECTION=@OLD_COLLATION_CONNECTION */;
